-- phpMyAdmin SQL Dump
-- version 5.2.1
-- https://www.phpmyadmin.net/
--
-- Host: 127.0.0.1
-- Generation Time: May 21, 2023 at 03:47 AM
-- Server version: 10.4.28-MariaDB
-- PHP Version: 8.2.4

SET SQL_MODE = "NO_AUTO_VALUE_ON_ZERO";
START TRANSACTION;
SET time_zone = "+00:00";


/*!40101 SET @OLD_CHARACTER_SET_CLIENT=@@CHARACTER_SET_CLIENT */;
/*!40101 SET @OLD_CHARACTER_SET_RESULTS=@@CHARACTER_SET_RESULTS */;
/*!40101 SET @OLD_COLLATION_CONNECTION=@@COLLATION_CONNECTION */;
/*!40101 SET NAMES utf8mb4 */;

--
-- Database: `sweetrounds`
--

-- --------------------------------------------------------

--
-- Table structure for table `admins`
--

CREATE TABLE `admins` (
  `id` int(11) NOT NULL,
  `employee_firstname` varchar(255) NOT NULL,
  `employee_lastname` varchar(255) NOT NULL,
  `email` varchar(255) NOT NULL,
  `password` varchar(255) NOT NULL,
  `role` varchar(255) NOT NULL,
  `status` varchar(255) NOT NULL,
  `created_at` timestamp NOT NULL DEFAULT current_timestamp(),
  `updated_at` timestamp NOT NULL DEFAULT current_timestamp() ON UPDATE current_timestamp()
) ENGINE=InnoDB DEFAULT CHARSET=utf8mb4 COLLATE=utf8mb4_general_ci;

--
-- Dumping data for table `admins`
--

INSERT INTO `admins` (`id`, `employee_firstname`, `employee_lastname`, `email`, `password`, `role`, `status`, `created_at`, `updated_at`) VALUES
(1, 'Ludie', 'Swift', 'Hermann_Hammes@yahoo.com', '$2y$10$B5vIisZUQ2oIj74/MlgMzOjJTmIQKCMEr4uJQql4TVrKsQvH1StR.', 'Manager', 'Offline', '2023-05-20 12:36:47', '2023-05-20 12:36:47'),
(2, 'Coy', 'Kuhlman', 'Gregorio_Krajcik@hotmail.com', '$2y$10$ru8D6x2DN1xeswLL9eR88u0n8KGo7gkkP4RNv/iPeTYBFeCFYyrT.', 'Manager', 'Offline', '2023-05-20 12:36:47', '2023-05-20 12:36:47'),
(3, 'Cletus', 'Flatley', 'Jo_Glover8@hotmail.com', '$2y$10$p56UA7FW40BkoURKG7OUR.SFNw/krRidrnxlfekrL7Sf9NKWS8phC', 'Order Fulfillment Specialist', 'Offline', '2023-05-20 12:36:47', '2023-05-20 12:36:47'),
(4, 'Rico', 'Cole', 'Terrance19@gmail.com', '$2y$10$Wm3nvBWZ0rU4NW//ydJn1OVrml9X027VZcFC4hvvj6lc3yDxYWXS6', 'Cashier', 'Offline', '2023-05-20 12:36:48', '2023-05-20 12:36:48'),
(5, 'Will', 'Murray', 'Lisette.Willms85@yahoo.com', '$2y$10$531Ig/2MvGlBclqcXdDJV.u3e8pYjxcafvtYB0X7iJhXNne3B1knK', 'Manager', 'Offline', '2023-05-20 12:36:48', '2023-05-20 12:36:48'),
(6, 'Arno', 'Moore', 'Yazmin10@yahoo.com', '$2y$10$9dOIQw1vBXq0.45e./s6XOkert67hYtpqsr9fKNd50keia2H1k7LS', 'Manager', 'Offline', '2023-05-20 12:36:48', '2023-05-20 12:36:48'),
(7, 'Angelica', 'Nitzsche', 'Wilfredo33@yahoo.com', '$2y$10$cTeSVQb7WVJ8RdL4RcHdBuFgCuOQTLOTcVx1HAP2vwKMUdSZOJlKy', 'Cashier', 'Offline', '2023-05-20 12:36:48', '2023-05-20 12:36:48'),
(8, 'Darrion', 'Blanda', 'Hubert41@gmail.com', '$2y$10$AZ9nIhvSvP3e.xxsA1PKo.D6RZqfXFrPlhZOIn55ZCuHVfW2b7H5K', 'Cashier', 'Offline', '2023-05-20 12:36:48', '2023-05-20 12:36:48'),
(9, 'Kaleb', 'Waelchi', 'Dean_Toy94@yahoo.com', '$2y$10$gRSucsfznKhzyjIOG26Ld.JqTaLPebKhtgPT96b8kfA2/4I8RU1BW', 'Order Fulfillment Specialist', 'Offline', '2023-05-20 12:36:48', '2023-05-20 12:36:48'),
(10, 'Mireya', 'Conroy', 'Cristobal40@hotmail.com', '$2y$10$2vamU9V6WM43.3anObrNYexL68ORw/WGQ/XEdkOTOD.DhFs88zgKq', 'Order Fulfillment Specialist', 'Offline', '2023-05-20 12:36:48', '2023-05-20 12:36:48'),
(11, 'Willa', 'Yundt', 'Dax39@yahoo.com', '$2y$10$UivIUPAyTKNH2WiReCazS.Q2fTfsRSVyxM3ZAZ5HVCPyECBVVQOci', 'Order Fulfillment Specialist', 'Offline', '2023-05-20 12:36:48', '2023-05-20 12:36:48'),
(12, 'Marcelo', 'Kertzmann', 'Enola89@yahoo.com', '$2y$10$ycT9cdanpGbChRndkBoXlucODhp4EfiLPounUDXW71QqYoL77Qbre', 'Cashier', 'Offline', '2023-05-20 12:36:48', '2023-05-20 12:36:48'),
(13, 'Mellie', 'Huel', 'Brenden_Jaskolski@yahoo.com', '$2y$10$ZLKQk9Idmof1EjKqH0KEpOn8.ElnnjZmThPFC4HcHLLGXmifHR8WG', 'Manager', 'Offline', '2023-05-20 12:36:48', '2023-05-20 12:36:48'),
(14, 'Aurelio', 'Corwin', 'Kian_Denesik83@gmail.com', '$2y$10$xwdcHf8zPyVAegaAgOhZ9e3Xvkb6ZnUP/TPRIoi9Xe.qwqi8p.04C', 'Manager', 'Offline', '2023-05-20 12:36:48', '2023-05-20 12:36:48'),
(15, 'Darryl', 'Barton', 'Magnolia_Terry@hotmail.com', '$2y$10$sxB5AV/xC2geDJMehdzZv.mspNi68QOh6J4wrhRQSMywb3.gRNZzW', 'Manager', 'Offline', '2023-05-20 12:36:48', '2023-05-20 12:36:48'),
(16, 'Mona', 'Vandervort', 'Lindsay68@gmail.com', '$2y$10$utRgEUnpUDGhKhsrrBfcrenwt1uQazQ4RvZpYM24wahy55ipqbtPO', 'Cashier', 'Offline', '2023-05-20 12:36:48', '2023-05-20 12:36:48'),
(17, 'Antwon', 'Jacobs', 'Seamus.Kilback27@yahoo.com', '$2y$10$4Agu69owGLr2TyI0ECDLku8LKms5g911pL3gAqqLVXCTkUfeVZfhe', 'Order Fulfillment Specialist', 'Offline', '2023-05-20 12:36:48', '2023-05-20 12:36:48'),
(18, 'Josie', 'Lebsack', 'Brando_Ward@gmail.com', '$2y$10$jqbHiI4s8OENW4qI114Rd.tV7mkBq8kZ8n8dZY1M/FuqOtNaKxOBm', 'Order Fulfillment Specialist', 'Offline', '2023-05-20 12:36:49', '2023-05-20 12:36:49'),
(19, 'Ricardo', 'Harber', 'Emely.Parisian@hotmail.com', '$2y$10$7KfOi96Ii7u6fOtBDXLpB.f2M195k/7nUIeDZ2VbT4exJLb3GD8ve', 'Manager', 'Offline', '2023-05-20 12:36:49', '2023-05-20 12:36:49'),
(20, 'Ulises', 'Okuneva', 'Marina76@gmail.com', '$2y$10$1TNbYQ1g0CZomYOFwtRZ5.VuUA21MnjDC7wJYsef2/jbWgpaD6v.u', 'Manager', 'Offline', '2023-05-20 12:36:49', '2023-05-20 12:36:49'),
(21, 'Adell', 'Block', 'Tate_Reinger77@gmail.com', '$2y$10$82Qz0dm9YiNrG/QXMzejX.QMdn8hl5FO7tF1ne64UCNonRgVlFo4W', 'Manager', 'Offline', '2023-05-20 12:36:49', '2023-05-20 12:36:49'),
(22, 'Kory', 'Adams', 'Aric55@gmail.com', '$2y$10$KsLuw.XX0j2HqzvTP1T0aOzGeK6hNiLhWFMHLsTBAJag84hNmxCy6', 'Order Fulfillment Specialist', 'Offline', '2023-05-20 12:36:49', '2023-05-20 12:36:49'),
(23, 'Luciano', 'Hickle', 'Berta.Deckow53@yahoo.com', '$2y$10$meE7dhP2ZWszAB1vHFQfYOUnWwW5yuGNpI3PDj3Wc7b2/RzkvJkRq', 'Order Fulfillment Specialist', 'Offline', '2023-05-20 12:36:49', '2023-05-20 12:36:49'),
(24, 'Lesly', 'Beier', 'Chadrick76@hotmail.com', '$2y$10$eu96F.f/qtP82d6KpB2JDOpw2ncfjiZsHWqMwGPQuYe6KpTRda3ka', 'Order Fulfillment Specialist', 'Offline', '2023-05-20 12:36:49', '2023-05-20 12:36:49'),
(25, 'Brandi', 'Kreiger', 'Madonna37@hotmail.com', '$2y$10$Z/2xRooW7GG6a8wZbmnjuOCzErTv1Ho920sEgSrUWNPKrKOa2iy5S', 'Manager', 'Offline', '2023-05-20 12:36:49', '2023-05-20 12:36:49'),
(26, 'Aileen', 'Lebsack', 'Maddison.Raynor8@hotmail.com', '$2y$10$HptelM6SSvRFICjTSpK4/u6fREzehvTnjQKgBV1OXa/hyfky17MJS', 'Order Fulfillment Specialist', 'Offline', '2023-05-20 12:36:49', '2023-05-20 12:36:49'),
(27, 'Rafael', 'Corkery', 'Cruz.Schmeler@gmail.com', '$2y$10$0S2/WmShqhaWyoGxJXJvTumiidngzYPMnT7qdBTk4cExLeOOZIprK', 'Manager', 'Offline', '2023-05-20 12:36:49', '2023-05-20 12:36:49'),
(28, 'Isac', 'Wehner', 'Keith55@hotmail.com', '$2y$10$kJpJvLk9.VXQKcFD45YjIOMD4/GM8ngv0uZfKgtzLworrFgJOC3t6', 'Cashier', 'Offline', '2023-05-20 12:36:49', '2023-05-20 12:36:49'),
(29, 'Elmore', 'Mayer', 'Asha_Towne57@gmail.com', '$2y$10$yzT1FKqCCyfhDV.Kb5dMiu1aLXrAm/UM/k8eWrW8zbWUcoakfjvJm', 'Order Fulfillment Specialist', 'Offline', '2023-05-20 12:36:49', '2023-05-20 12:36:49'),
(30, 'Anita', 'Larson', 'Lonnie64@yahoo.com', '$2y$10$spTx6fikNgZlt3eQ4dU4L.eNtDlO.z4LR5geUQZtUaq5BptFcZqmW', 'Manager', 'Offline', '2023-05-20 12:36:49', '2023-05-20 12:36:49'),
(31, 'Madalyn', 'Fisher', 'Milton29@gmail.com', '$2y$10$CXRdaAKdPLkz9WfY6DzDVOIMZ3IQZDuC//XZn.atkaj4zqrK0ynAi', 'Manager', 'Offline', '2023-05-20 12:36:50', '2023-05-20 12:36:50'),
(32, 'Marilou', 'Windler', 'Sarai11@gmail.com', '$2y$10$WxUbNWFbjVEahtO3AfO2v.fJiymU1DHizcxq1siugYjQKYHGJQl5W', 'Cashier', 'Offline', '2023-05-20 12:36:50', '2023-05-20 12:36:50'),
(33, 'Garnet', 'Howe', 'Carlee_Turner20@gmail.com', '$2y$10$NmSQOXbWQC/Y3EhUf9SF2eypIwQ2wROX68ekkq6UYXEx5IVW3Ft/K', 'Manager', 'Offline', '2023-05-20 12:36:50', '2023-05-20 12:36:50'),
(34, 'Tommie', 'Rohan', 'Roslyn.Murphy62@hotmail.com', '$2y$10$7lJlHnyCDzjxhvgtZSHYievtwabw66l.YZ32/uRbcdLKcEhfpv8h.', 'Manager', 'Offline', '2023-05-20 12:36:50', '2023-05-20 12:36:50'),
(35, 'Buford', 'Weber', 'Akeem53@yahoo.com', '$2y$10$GKFh7iun665TV7KT2NwrAuiCFqGDJ3GehVpH90v82h/kesetkkHVO', 'Order Fulfillment Specialist', 'Offline', '2023-05-20 12:36:50', '2023-05-20 12:36:50'),
(36, 'Aracely', 'Moen', 'Lon.Gislason99@yahoo.com', '$2y$10$c3bwSLDaZg3o9sZK9p75eullLarvjndx6Kt6Oif6AgE.v1JQ1N1r.', 'Manager', 'Offline', '2023-05-20 12:36:50', '2023-05-20 12:36:50'),
(37, 'Elisabeth', 'Miller', 'Kailey.Kertzmann1@yahoo.com', '$2y$10$zpmvz64pVoE0kdQkM5N1Q.tWXYRd5Rdw8EwqHb1UqbMRzOQCfK6A2', 'Order Fulfillment Specialist', 'Offline', '2023-05-20 12:36:50', '2023-05-20 12:36:50'),
(38, 'Tiara', 'Kris', 'Terrence86@hotmail.com', '$2y$10$lr36NzB44iYfBkfqWbrZp.xGihKVObDHeR7j7Sb/ru8uKm5HCgH32', 'Cashier', 'Offline', '2023-05-20 12:36:50', '2023-05-20 12:36:50'),
(39, 'Margot', 'Wolff', 'Andrew_Macejkovic@gmail.com', '$2y$10$01JvB/VlsCg6kfoV62ApJeWN8ZiYinbxLgoRqyZyT7Gwttu7dUHUK', 'Order Fulfillment Specialist', 'Offline', '2023-05-20 12:36:50', '2023-05-20 12:36:50'),
(40, 'Faye', 'Metz', 'Hardy_Haag89@yahoo.com', '$2y$10$LKWJkkKyezIn2b18JGLYcugeoXx/YYO4LfkLMBiQTmxzRKU2BhH6y', 'Manager', 'Offline', '2023-05-20 12:36:50', '2023-05-20 12:36:50'),
(41, 'Florian', 'Smith', 'Orpha82@yahoo.com', '$2y$10$Ry5TWbFLOdeLHOxTq87x0uvFZOU7SnQCp5Z2LbPrIG9a2tvq2vJ8e', 'Order Fulfillment Specialist', 'Offline', '2023-05-20 12:36:50', '2023-05-20 12:36:50'),
(42, 'Emmett', 'Conroy', 'Tiana46@hotmail.com', '$2y$10$25wosaU5lfQ8Rn7i0EGBWexXbaX3DVun3eVEbIowstAqxQgAuwoWy', 'Manager', 'Offline', '2023-05-20 12:36:50', '2023-05-20 12:36:50'),
(43, 'Kylie', 'Dickens', 'Asia.Bradtke@yahoo.com', '$2y$10$YMLF70D8Mi6IrS.MOkHQr.zWwEwlsuyRab5H9V8gOmXn8LdEWnZSO', 'Cashier', 'Offline', '2023-05-20 12:36:50', '2023-05-20 12:36:50'),
(44, 'Alphonso', 'Blick', 'Laurianne_Dooley@hotmail.com', '$2y$10$35TXTHNVK7kQL6.dqQze5eciqOJIWgnKM..kU7vmLtzM6oiqo2/sS', 'Manager', 'Offline', '2023-05-20 12:36:50', '2023-05-20 12:36:50'),
(45, 'Wilfrid', 'Orn', 'Winona.Spencer62@yahoo.com', '$2y$10$JJyGRcUcp17nzMiq8ZjsA.JKjvkPCdFv5AgqwwRt012Kv05RHuGAG', 'Order Fulfillment Specialist', 'Offline', '2023-05-20 12:36:51', '2023-05-20 12:36:51'),
(46, 'Shanie', 'Streich', 'Fern_Runolfsson@yahoo.com', '$2y$10$xDZ/3pDn8C6OP8nGNup/su37bXmWL3X.FFQhmGWgguxFysf0v9XJm', 'Order Fulfillment Specialist', 'Offline', '2023-05-20 12:36:51', '2023-05-20 12:36:51'),
(47, 'Magdalen', 'Kemmer', 'Hattie.Emmerich@hotmail.com', '$2y$10$hQknX5Ev3F1OOs1ibRv8D.Cfb8OepzGAPl52NzZlZm/YZRyjuGS36', 'Manager', 'Offline', '2023-05-20 12:36:51', '2023-05-20 12:36:51'),
(48, 'Colten', 'Konopelski', 'Lila_Pouros86@yahoo.com', '$2y$10$qJBjJXrlJD.XKXDA8xmzN.e9aevu/6q18ZAMQK2Cml5dodKqaafri', 'Manager', 'Offline', '2023-05-20 12:36:51', '2023-05-20 12:36:51'),
(49, 'Robbie', 'Turner', 'Cameron.Farrell@hotmail.com', '$2y$10$t3JAGAD3nOvGW89mMi41uOK46cfOe7MJOWfeLQwRNI5e/PrPYoIke', 'Manager', 'Offline', '2023-05-20 12:36:51', '2023-05-20 12:36:51'),
(50, 'Everette', 'Barrows', 'Samir80@hotmail.com', '$2y$10$n8/xaYzXC/20mq1QW2ZIh.xAbKGaC5qd6ZA5JAK1WUaL.Wi88bQ.6', 'Manager', 'Offline', '2023-05-20 12:36:51', '2023-05-20 12:36:51'),
(51, 'Declan', 'Smitham', 'Dallin84@hotmail.com', '$2y$10$HciiRXaJr8hfLblPHC2P3u/LmK1IMdsHcXoPNDbbaw5wHjSi9kkbu', 'Order Fulfillment Specialist', 'Offline', '2023-05-20 12:36:51', '2023-05-20 12:36:51'),
(52, 'Ben', 'Rolfson', 'Gilda_Hodkiewicz43@gmail.com', '$2y$10$ktvXO3gD7lYQHltLgSYurOHPFB0FN3yrvGEEoiHEbmTRMVUPUGk52', 'Manager', 'Offline', '2023-05-20 12:36:51', '2023-05-20 12:36:51'),
(53, 'Juston', 'Grant', 'Angela42@yahoo.com', '$2y$10$7x6Cp3ndMjJAv7m/4ohY3e8uuqEk1iDRyRDfzB6V5v6LDddMsfAC.', 'Order Fulfillment Specialist', 'Offline', '2023-05-20 12:36:51', '2023-05-20 12:36:51'),
(54, 'Jeanie', 'Larkin', 'Shemar.Larkin40@hotmail.com', '$2y$10$nkyAdeCcLIjOI/IMN7TDi.qe8M.dpzWeNrUqzPiJ9Okf3bLc7Lzqu', 'Order Fulfillment Specialist', 'Offline', '2023-05-20 12:36:51', '2023-05-20 12:36:51'),
(55, 'Juliet', 'Anderson', 'Mireille_Pagac@hotmail.com', '$2y$10$kAGPkgrNZvti4QV1dYYrUuh8H/Bw.I2xp6EOgPQbVm4dHDQrIt0fW', 'Order Fulfillment Specialist', 'Offline', '2023-05-20 12:36:51', '2023-05-20 12:36:51'),
(56, 'Kasandra', 'Crist', 'Maximo_Rowe@hotmail.com', '$2y$10$ihx4FDawW78bq/Q2Af172uYenBmcDnX4Symd6QVCkImO9/6jsqpMa', 'Cashier', 'Offline', '2023-05-20 12:36:51', '2023-05-20 12:36:51'),
(57, 'Lynn', 'Lesch', 'Lurline.Koepp57@yahoo.com', '$2y$10$41xrGwjYtgYbJpntdKsnN.JeUK8reN43QOtBbn.uLmJ6dtYGtre.e', 'Manager', 'Offline', '2023-05-20 12:36:51', '2023-05-20 12:36:51'),
(58, 'Mertie', 'Pouros', 'Dwight_Cartwright69@gmail.com', '$2y$10$ZFvisUxxY6rO/uc2uZbecOs91fnhQId/UrPNe1hAPtU2dMt5hN17e', 'Manager', 'Offline', '2023-05-20 12:36:52', '2023-05-20 12:36:52'),
(59, 'Adriel', 'Bergstrom', 'Miles.Quigley12@yahoo.com', '$2y$10$JGgGrpoSxxFHxRzHqR546uhmeNk46H7zzJGvRrQXJL4PsczkbuIUy', 'Order Fulfillment Specialist', 'Offline', '2023-05-20 12:36:52', '2023-05-20 12:36:52'),
(60, 'Javier', 'McLaughlin', 'Maurice.Hirthe@hotmail.com', '$2y$10$lzVgvQYGf5D4jyFhGDvR4e3vTeYKYBRlinqofVeFQ69.SHS6gqthO', 'Manager', 'Offline', '2023-05-20 12:36:52', '2023-05-20 12:36:52'),
(61, 'Trey', 'Weber', 'Dangelo13@hotmail.com', '$2y$10$8laOzkDIFafDUXO/BWpz6OLZsHVd.qMxF03i5ds4t9nZonuoX8Nti', 'Manager', 'Offline', '2023-05-20 12:36:52', '2023-05-20 12:36:52'),
(62, 'Bettye', 'Schuster', 'Julius.Huel65@yahoo.com', '$2y$10$0MYmwP39UVYSSjdK0f.fSe2gEbFLTtCBp.k74xdSb3d03raVIk0B2', 'Order Fulfillment Specialist', 'Offline', '2023-05-20 12:36:52', '2023-05-20 12:36:52'),
(63, 'Skyla', 'Stanton', 'Winona.Dickens15@yahoo.com', '$2y$10$XFavKBmOQugP0BmPv1o4HuWe1RTCt8/VU0YMM78GG5R.XJAAXJTo.', 'Manager', 'Offline', '2023-05-20 12:36:52', '2023-05-20 12:36:52'),
(64, 'Nikko', 'McDermott', 'Laurie_Wisoky31@yahoo.com', '$2y$10$5TZTmMulT4KHHZ3khS/rgO.vgjhb4aS3ZPqK4oRtq.q3XBkbJAPUO', 'Cashier', 'Offline', '2023-05-20 12:36:52', '2023-05-20 12:36:52'),
(65, 'Stanley', 'Prohaska', 'Immanuel.Kautzer@gmail.com', '$2y$10$cdBSJjhwGwsnHR4YZ5jz/OFLF4l.vEc4rOBltHmI3rqEt2QksNmR.', 'Order Fulfillment Specialist', 'Offline', '2023-05-20 12:36:52', '2023-05-20 12:36:52'),
(66, 'Arianna', 'Klein', 'Margaret.Fritsch56@gmail.com', '$2y$10$m/QNs5Xkut9Kri7KuhzfGOkVBivXONt1byx.36jtUq4TE9Qr/Koa6', 'Order Fulfillment Specialist', 'Offline', '2023-05-20 12:36:52', '2023-05-20 12:36:52'),
(67, 'Sofia', 'Streich', 'Noah41@yahoo.com', '$2y$10$hBgEhG/1SZzLlWBHDjNTsOLMkTYUJz7UUnNnE5a68iOiszBxrlpYy', 'Order Fulfillment Specialist', 'Offline', '2023-05-20 12:36:52', '2023-05-20 12:36:52'),
(68, 'Beulah', 'Homenick', 'Kianna85@yahoo.com', '$2y$10$6QDVfDlu7h36aG21ZN5v6OokP0YKcuW1BVtOARQQbzjq91vCQ3nzK', 'Manager', 'Offline', '2023-05-20 12:36:52', '2023-05-20 12:36:52'),
(69, 'Annetta', 'VonRueden', 'Glen_Hackett31@yahoo.com', '$2y$10$a6TkW2ipW77ZI0uATNPJUeJsA6llzgxWCUlJsWr0QnDDiioy0ZK/y', 'Order Fulfillment Specialist', 'Offline', '2023-05-20 12:36:52', '2023-05-20 12:36:52'),
(70, 'Joannie', 'Emard', 'Everette.Abshire@yahoo.com', '$2y$10$3H4YszRUG8vRxyzKzJjMxuIErTBq6KaOII1aSvyFMeY3wZk2oG6J2', 'Order Fulfillment Specialist', 'Offline', '2023-05-20 12:36:52', '2023-05-20 12:36:52'),
(71, 'Libby', 'Purdy', 'Louisa_Bechtelar19@gmail.com', '$2y$10$fYLkn481y1bEPylzQadShuS9PxnwtliqhFDr2Sx2bwIaBGPwiq536', 'Manager', 'Offline', '2023-05-20 12:36:52', '2023-05-20 12:36:52'),
(72, 'Jaren', 'Pollich', 'Tracey20@gmail.com', '$2y$10$TGSy.KPR3YhzhfANvV/fh.bh0z28uDznBlJtNwG7ekpr.VdSEW1wG', 'Order Fulfillment Specialist', 'Offline', '2023-05-20 12:36:53', '2023-05-20 12:36:53'),
(73, 'Genoveva', 'Quitzon', 'Quinn.McCullough60@gmail.com', '$2y$10$QdtRlCosrw699PvwyDTWd.cQ6IXfklKkdEvEkQHMSFmXyu.gr49s.', 'Manager', 'Offline', '2023-05-20 12:36:53', '2023-05-20 12:36:53'),
(74, 'Dale', 'Kiehn', 'Vincent_Kris@hotmail.com', '$2y$10$rkayVtgZvQKOYkNdFcd8Nuwp9/aLjDcvIKg6S61VSF8c5K9sigWk.', 'Cashier', 'Offline', '2023-05-20 12:36:53', '2023-05-20 12:36:53'),
(75, 'Jeremy', 'Grimes', 'Danika_Davis@hotmail.com', '$2y$10$7XjHIMmH4oypf0rXB5YO/.yAtqGbTZwJM1BeFKuw1C6vDa/JtxEcO', 'Cashier', 'Offline', '2023-05-20 12:36:53', '2023-05-20 12:36:53'),
(76, 'Leopoldo', 'Schmidt', 'Jorge56@gmail.com', '$2y$10$RvQP0eCcwS2d3Lh4WRW3k.zCyiMSR6wZVEMPbOJqPCYettt3i.8QO', 'Order Fulfillment Specialist', 'Offline', '2023-05-20 12:36:53', '2023-05-20 12:36:53'),
(77, 'Karli', 'Cartwright', 'Marietta.Schimmel@yahoo.com', '$2y$10$kfIH8UFRQocFDEohBmWhcekMw.BXiwDCO5ivU9Dn.g4eBPtq1vE2i', 'Order Fulfillment Specialist', 'Offline', '2023-05-20 12:36:53', '2023-05-20 12:36:53'),
(78, 'Kameron', 'Dooley', 'Nathen.Schiller@yahoo.com', '$2y$10$dZVCGkLdhCvylQVeAZyqNelVSbTbP5NZ12R/UDBBupu6eD5XmGFpC', 'Manager', 'Offline', '2023-05-20 12:36:53', '2023-05-20 12:36:53'),
(79, 'Amely', 'Mitchell', 'Kenna.Thompson57@yahoo.com', '$2y$10$kMtvVICEmDtoFdkiAxEJLOCZYlG1c1FeDGFOsCbkbWChUvMZj2aey', 'Cashier', 'Offline', '2023-05-20 12:36:53', '2023-05-20 12:36:53'),
(80, 'Janice', 'Jerde', 'Fabian36@hotmail.com', '$2y$10$BqMqWpTYI526C1/kxKTf6OzcGCqyHbRA8974VP8lmmTx0gc9ImVUq', 'Manager', 'Offline', '2023-05-20 12:36:53', '2023-05-20 12:36:53'),
(81, 'Maxie', 'Stokes', 'Afton_Ernser80@gmail.com', '$2y$10$J9ujuRa6cpS.foaP8dPWmOzZl0t.TZyvZSAUatRqAQf3caiuOWIa.', 'Cashier', 'Offline', '2023-05-20 12:36:53', '2023-05-20 12:36:53'),
(82, 'Kamille', 'Altenwerth', 'Hazel_Koss@gmail.com', '$2y$10$zPzfev3yxHtiYDXfWjn3JeUgs3opqfM3GpiSyit4WoifGOsh321NS', 'Manager', 'Offline', '2023-05-20 12:36:53', '2023-05-20 12:36:53'),
(83, 'Francisco', 'Zemlak', 'Amiya_Howe81@yahoo.com', '$2y$10$9NWbkmVsBxSF7xTK4DIxjOUVD..Sx4G892K4yY2Kp3A2J3eJJiGuS', 'Cashier', 'Offline', '2023-05-20 12:36:53', '2023-05-20 12:36:53'),
(84, 'Palma', 'Williamson', 'Annie63@hotmail.com', '$2y$10$b46HfM.xbuwjxUgmPZpYg.1/PzaSA1HgFP3AgclznYPdLiIAB1EcC', 'Manager', 'Offline', '2023-05-20 12:36:53', '2023-05-20 12:36:53'),
(85, 'Jaron', 'Nader', 'Cecelia23@yahoo.com', '$2y$10$qXTx2XvERE6el3wW9uyFnu.j94JgMHuHSo.uUQrA.bJTTg6shQtA2', 'Manager', 'Offline', '2023-05-20 12:36:54', '2023-05-20 12:36:54'),
(86, 'Francesco', 'Buckridge', 'Rosina20@hotmail.com', '$2y$10$0iMkEky7uGOjFLne5OBhv.8PwqTjH1PAYu6IWfbjY0E5oGNLvu1oG', 'Order Fulfillment Specialist', 'Offline', '2023-05-20 12:36:54', '2023-05-20 12:36:54'),
(87, 'Jeromy', 'Abernathy', 'Marie.Pfeffer54@yahoo.com', '$2y$10$3r05X4TtuEeEl2KDdvd0JuDzHVZ2.O.zNTWbtE2PBFOq.BqeFyI3.', 'Manager', 'Offline', '2023-05-20 12:36:54', '2023-05-20 12:36:54'),
(88, 'Filomena', 'Olson', 'Mandy62@gmail.com', '$2y$10$EO1LvZ0UIe0ZBodTvmCnrOQdmq9RC4sU7T8VtMuOGAkqaVC.wxP.i', 'Manager', 'Offline', '2023-05-20 12:36:54', '2023-05-20 12:36:54'),
(89, 'Brannon', 'Mante', 'Hazle_Reynolds@gmail.com', '$2y$10$MQ7XKrZ1H5ml7VXGgNbIQOAl7DPvSXbClUf1kkjJaYVoBmOvEcMtG', 'Order Fulfillment Specialist', 'Offline', '2023-05-20 12:36:54', '2023-05-20 12:36:54'),
(90, 'Joana', 'Beer', 'Octavia_Hegmann@yahoo.com', '$2y$10$0yPi.vf.lC/nKa2JEucyw.rCeZj9OwMoa22eaE8RdhrWUzBUtT84a', 'Cashier', 'Offline', '2023-05-20 12:36:54', '2023-05-20 12:36:54'),
(91, 'Luisa', 'Hyatt', 'Karlee.Koss@yahoo.com', '$2y$10$k5YuDjfDxA/vJb3mJaCwp.okrzNjmYvGmOyXSNHaxvN.Rt60LrPZC', 'Order Fulfillment Specialist', 'Offline', '2023-05-20 12:36:54', '2023-05-20 12:36:54'),
(92, 'Tate', 'Mann', 'Garth55@yahoo.com', '$2y$10$cMouFNVdsTxSMPiimNwCieAo49R9MFPlsXofmGkjv/sQzFZ6bV0oW', 'Cashier', 'Offline', '2023-05-20 12:36:54', '2023-05-20 12:36:54'),
(93, 'Freda', 'Gibson', 'Queen_Baumbach95@gmail.com', '$2y$10$GuDUOONGRtUrsZFQ/79mg.GxceEraTIK0eVRRaehTMsyVrQ95sZje', 'Order Fulfillment Specialist', 'Offline', '2023-05-20 12:36:54', '2023-05-20 12:36:54'),
(94, 'Malika', 'Beahan', 'Cristian_Mertz@hotmail.com', '$2y$10$OKcdOBVO8LLA5h2/jicql.2Tb5i.fDR.7wGq3Hx4MFsyAJ0gy.i/i', 'Cashier', 'Offline', '2023-05-20 12:36:54', '2023-05-20 12:36:54'),
(95, 'Antonio', 'Schaefer', 'Cordell_Rempel23@gmail.com', '$2y$10$I6F8lD4r/nhcFdSTsEQbgOvhxRUMnWhRpfcQ3DvPgn2HdtGQvjAHO', 'Cashier', 'Offline', '2023-05-20 12:36:54', '2023-05-20 12:36:54'),
(96, 'Buddy', 'Crist', 'Martin_Barrows@hotmail.com', '$2y$10$brl.8vz5hcddi3COEsvEi.lNn5zPHLLDFgT0in/u5uWbpNMZNeWM2', 'Cashier', 'Offline', '2023-05-20 12:36:54', '2023-05-20 12:36:54'),
(97, 'Novella', 'Durgan', 'Bernice.Renner@hotmail.com', '$2y$10$c2EphYqP1Xt.zJ7ad6o7uuQlNJRvUseaxWrYqqqaLn6Mvk1kwRTwC', 'Cashier', 'Offline', '2023-05-20 12:36:54', '2023-05-20 12:36:54'),
(98, 'Cleve', 'Hartmann', 'Kenny.Crona1@gmail.com', '$2y$10$BU8raTDkjXXStgbrWnJKuObB4zzy3ErxQuSzhDysVCUWbD6yiVDim', 'Cashier', 'Offline', '2023-05-20 12:36:54', '2023-05-20 12:36:54'),
(99, 'Kaitlyn', 'Rosenbaum', 'Pattie.Cummings@yahoo.com', '$2y$10$jH85yov3Pj80SkdGFYD3/OueFicHnlYNTLYoD/Bcn1czzI4Z81dna', 'Manager', 'Offline', '2023-05-20 12:36:55', '2023-05-20 12:36:55'),
(100, 'Matteo', 'Abbott', 'Hilbert21@hotmail.com', '$2y$10$qX4VXcS4Ag2qpfLPQfaIcOStM4/HWbuf.6qGdi5RdaTeEefnN1DhG', 'Cashier', 'Offline', '2023-05-20 12:36:55', '2023-05-20 12:36:55');

-- --------------------------------------------------------

--
-- Table structure for table `cart_items`
--

CREATE TABLE `cart_items` (
  `id` int(11) NOT NULL,
  `product_id` int(11) NOT NULL,
  `user_id` int(11) NOT NULL,
  `created_at` timestamp NOT NULL DEFAULT current_timestamp(),
  `updated_at` timestamp NOT NULL DEFAULT current_timestamp() ON UPDATE current_timestamp()
) ENGINE=InnoDB DEFAULT CHARSET=utf8mb4 COLLATE=utf8mb4_general_ci;

--
-- Dumping data for table `cart_items`
--

INSERT INTO `cart_items` (`id`, `product_id`, `user_id`, `created_at`, `updated_at`) VALUES
(1, 3, 1, '2023-05-20 13:22:16', '2023-05-20 13:22:16'),
(2, 4, 2, '2023-05-20 13:22:16', '2023-05-20 13:22:16'),
(3, 5, 3, '2023-05-20 13:22:16', '2023-05-20 13:22:16'),
(4, 6, 4, '2023-05-20 13:22:16', '2023-05-20 13:22:16'),
(5, 7, 5, '2023-05-20 13:22:16', '2023-05-20 13:22:16'),
(6, 8, 6, '2023-05-20 13:22:16', '2023-05-20 13:22:16'),
(7, 9, 7, '2023-05-20 13:22:16', '2023-05-20 13:22:16'),
(8, 10, 8, '2023-05-20 13:22:16', '2023-05-20 13:22:16'),
(9, 11, 9, '2023-05-20 13:22:16', '2023-05-20 13:22:16'),
(10, 12, 10, '2023-05-20 13:22:16', '2023-05-20 13:22:16'),
(11, 13, 11, '2023-05-20 13:22:16', '2023-05-20 13:22:16'),
(12, 14, 12, '2023-05-20 13:22:16', '2023-05-20 13:22:16'),
(13, 15, 13, '2023-05-20 13:22:16', '2023-05-20 13:22:16'),
(14, 16, 14, '2023-05-20 13:22:16', '2023-05-20 13:22:16'),
(15, 17, 15, '2023-05-20 13:22:16', '2023-05-20 13:22:16'),
(16, 18, 16, '2023-05-20 13:22:16', '2023-05-20 13:22:16'),
(17, 19, 17, '2023-05-20 13:22:16', '2023-05-20 13:22:16'),
(18, 20, 18, '2023-05-20 13:22:16', '2023-05-20 13:22:16'),
(19, 21, 19, '2023-05-20 13:22:16', '2023-05-20 13:22:16'),
(20, 22, 20, '2023-05-20 13:22:16', '2023-05-20 13:22:16'),
(21, 23, 21, '2023-05-20 13:22:16', '2023-05-20 13:22:16'),
(22, 24, 22, '2023-05-20 13:22:16', '2023-05-20 13:22:16'),
(23, 25, 23, '2023-05-20 13:22:16', '2023-05-20 13:22:16'),
(24, 26, 24, '2023-05-20 13:22:16', '2023-05-20 13:22:16'),
(25, 27, 25, '2023-05-20 13:22:16', '2023-05-20 13:22:16'),
(26, 28, 26, '2023-05-20 13:22:16', '2023-05-20 13:22:16'),
(27, 29, 27, '2023-05-20 13:22:16', '2023-05-20 13:22:16'),
(28, 30, 28, '2023-05-20 13:22:16', '2023-05-20 13:22:16'),
(29, 31, 29, '2023-05-20 13:22:16', '2023-05-20 13:22:16'),
(30, 32, 30, '2023-05-20 13:22:16', '2023-05-20 13:22:16'),
(31, 33, 31, '2023-05-20 13:22:16', '2023-05-20 13:22:16'),
(32, 34, 32, '2023-05-20 13:22:16', '2023-05-20 13:22:16'),
(33, 35, 33, '2023-05-20 13:22:16', '2023-05-20 13:22:16'),
(34, 36, 34, '2023-05-20 13:22:16', '2023-05-20 13:22:16'),
(35, 37, 35, '2023-05-20 13:22:16', '2023-05-20 13:22:16'),
(36, 38, 36, '2023-05-20 13:22:16', '2023-05-20 13:22:16'),
(37, 39, 37, '2023-05-20 13:22:16', '2023-05-20 13:22:16'),
(38, 40, 38, '2023-05-20 13:22:16', '2023-05-20 13:22:16'),
(39, 41, 39, '2023-05-20 13:22:16', '2023-05-20 13:22:16'),
(40, 42, 40, '2023-05-20 13:22:16', '2023-05-20 13:22:16'),
(41, 43, 41, '2023-05-20 13:22:16', '2023-05-20 13:22:16'),
(42, 44, 42, '2023-05-20 13:22:16', '2023-05-20 13:22:16'),
(43, 45, 43, '2023-05-20 13:22:16', '2023-05-20 13:22:16'),
(44, 46, 44, '2023-05-20 13:22:16', '2023-05-20 13:22:16'),
(45, 47, 45, '2023-05-20 13:22:16', '2023-05-20 13:22:16'),
(46, 48, 46, '2023-05-20 13:22:16', '2023-05-20 13:22:16'),
(47, 49, 47, '2023-05-20 13:22:16', '2023-05-20 13:22:16'),
(48, 50, 48, '2023-05-20 13:22:16', '2023-05-20 13:22:16'),
(49, 51, 49, '2023-05-20 13:22:16', '2023-05-20 13:22:16'),
(50, 52, 50, '2023-05-20 13:22:16', '2023-05-20 13:22:16'),
(51, 53, 51, '2023-05-20 13:22:16', '2023-05-20 13:22:16'),
(52, 54, 52, '2023-05-20 13:22:16', '2023-05-20 13:22:16'),
(53, 55, 53, '2023-05-20 13:22:16', '2023-05-20 13:22:16'),
(54, 56, 54, '2023-05-20 13:22:16', '2023-05-20 13:22:16'),
(55, 57, 55, '2023-05-20 13:22:16', '2023-05-20 13:22:16'),
(56, 58, 56, '2023-05-20 13:22:16', '2023-05-20 13:22:16'),
(57, 59, 57, '2023-05-20 13:22:16', '2023-05-20 13:22:16'),
(58, 60, 58, '2023-05-20 13:22:16', '2023-05-20 13:22:16'),
(59, 61, 59, '2023-05-20 13:22:16', '2023-05-20 13:22:16'),
(60, 62, 60, '2023-05-20 13:22:16', '2023-05-20 13:22:16'),
(61, 63, 61, '2023-05-20 13:22:16', '2023-05-20 13:22:16'),
(62, 64, 62, '2023-05-20 13:22:16', '2023-05-20 13:22:16'),
(63, 65, 63, '2023-05-20 13:22:16', '2023-05-20 13:22:16'),
(64, 66, 64, '2023-05-20 13:22:16', '2023-05-20 13:22:16'),
(65, 67, 65, '2023-05-20 13:22:16', '2023-05-20 13:22:16'),
(66, 68, 66, '2023-05-20 13:22:16', '2023-05-20 13:22:16'),
(67, 69, 67, '2023-05-20 13:22:16', '2023-05-20 13:22:16'),
(68, 70, 68, '2023-05-20 13:22:16', '2023-05-20 13:22:16'),
(69, 71, 69, '2023-05-20 13:22:16', '2023-05-20 13:22:16'),
(70, 72, 70, '2023-05-20 13:22:16', '2023-05-20 13:22:16'),
(71, 73, 71, '2023-05-20 13:22:16', '2023-05-20 13:22:16'),
(72, 74, 72, '2023-05-20 13:22:16', '2023-05-20 13:22:16'),
(73, 75, 73, '2023-05-20 13:22:16', '2023-05-20 13:22:16'),
(74, 76, 74, '2023-05-20 13:22:16', '2023-05-20 13:22:16'),
(75, 77, 75, '2023-05-20 13:22:16', '2023-05-20 13:22:16'),
(76, 78, 76, '2023-05-20 13:22:16', '2023-05-20 13:22:16'),
(77, 79, 77, '2023-05-20 13:22:16', '2023-05-20 13:22:16'),
(78, 80, 78, '2023-05-20 13:22:16', '2023-05-20 13:22:16'),
(79, 81, 79, '2023-05-20 13:22:16', '2023-05-20 13:22:16'),
(80, 82, 80, '2023-05-20 13:22:16', '2023-05-20 13:22:16'),
(81, 83, 81, '2023-05-20 13:22:16', '2023-05-20 13:22:16'),
(82, 84, 82, '2023-05-20 13:22:16', '2023-05-20 13:22:16'),
(83, 85, 83, '2023-05-20 13:22:16', '2023-05-20 13:22:16'),
(84, 86, 84, '2023-05-20 13:22:16', '2023-05-20 13:22:16'),
(85, 87, 85, '2023-05-20 13:22:16', '2023-05-20 13:22:16'),
(86, 88, 86, '2023-05-20 13:22:16', '2023-05-20 13:22:16'),
(87, 89, 87, '2023-05-20 13:22:16', '2023-05-20 13:22:16'),
(88, 90, 88, '2023-05-20 13:22:16', '2023-05-20 13:22:16'),
(89, 91, 89, '2023-05-20 13:22:16', '2023-05-20 13:22:16'),
(90, 92, 90, '2023-05-20 13:22:16', '2023-05-20 13:22:16'),
(91, 93, 91, '2023-05-20 13:22:16', '2023-05-20 13:22:16'),
(92, 94, 92, '2023-05-20 13:22:16', '2023-05-20 13:22:16'),
(93, 95, 93, '2023-05-20 13:22:16', '2023-05-20 13:22:16'),
(94, 96, 94, '2023-05-20 13:22:16', '2023-05-20 13:22:16'),
(95, 97, 95, '2023-05-20 13:22:16', '2023-05-20 13:22:16'),
(96, 98, 96, '2023-05-20 13:22:16', '2023-05-20 13:22:16'),
(97, 99, 97, '2023-05-20 13:22:16', '2023-05-20 13:22:16'),
(98, 100, 98, '2023-05-20 13:22:16', '2023-05-20 13:22:16'),
(99, 1, 99, '2023-05-20 13:22:16', '2023-05-20 13:22:16'),
(100, 2, 100, '2023-05-20 13:22:16', '2023-05-20 13:22:16'),
(101, 2, 1, '2023-05-20 13:23:24', '2023-05-20 13:23:24'),
(102, 3, 2, '2023-05-20 13:23:24', '2023-05-20 13:23:24'),
(103, 4, 3, '2023-05-20 13:23:24', '2023-05-20 13:23:24'),
(104, 5, 4, '2023-05-20 13:23:24', '2023-05-20 13:23:24'),
(105, 6, 5, '2023-05-20 13:23:24', '2023-05-20 13:23:24'),
(106, 7, 6, '2023-05-20 13:23:24', '2023-05-20 13:23:24'),
(107, 8, 7, '2023-05-20 13:23:24', '2023-05-20 13:23:24'),
(108, 9, 8, '2023-05-20 13:23:24', '2023-05-20 13:23:24'),
(109, 10, 9, '2023-05-20 13:23:24', '2023-05-20 13:23:24'),
(110, 11, 10, '2023-05-20 13:23:24', '2023-05-20 13:23:24'),
(111, 12, 11, '2023-05-20 13:23:24', '2023-05-20 13:23:24'),
(112, 13, 12, '2023-05-20 13:23:24', '2023-05-20 13:23:24'),
(113, 14, 13, '2023-05-20 13:23:24', '2023-05-20 13:23:24'),
(114, 15, 14, '2023-05-20 13:23:24', '2023-05-20 13:23:24'),
(115, 16, 15, '2023-05-20 13:23:24', '2023-05-20 13:23:24'),
(116, 17, 16, '2023-05-20 13:23:24', '2023-05-20 13:23:24'),
(117, 18, 17, '2023-05-20 13:23:24', '2023-05-20 13:23:24'),
(118, 19, 18, '2023-05-20 13:23:24', '2023-05-20 13:23:24'),
(119, 20, 19, '2023-05-20 13:23:24', '2023-05-20 13:23:24'),
(120, 21, 20, '2023-05-20 13:23:24', '2023-05-20 13:23:24'),
(121, 22, 21, '2023-05-20 13:23:24', '2023-05-20 13:23:24'),
(122, 23, 22, '2023-05-20 13:23:24', '2023-05-20 13:23:24'),
(123, 24, 23, '2023-05-20 13:23:24', '2023-05-20 13:23:24'),
(124, 25, 24, '2023-05-20 13:23:24', '2023-05-20 13:23:24'),
(125, 26, 25, '2023-05-20 13:23:24', '2023-05-20 13:23:24'),
(126, 27, 26, '2023-05-20 13:23:24', '2023-05-20 13:23:24'),
(127, 28, 27, '2023-05-20 13:23:24', '2023-05-20 13:23:24'),
(128, 29, 28, '2023-05-20 13:23:24', '2023-05-20 13:23:24'),
(129, 30, 29, '2023-05-20 13:23:24', '2023-05-20 13:23:24'),
(130, 31, 30, '2023-05-20 13:23:24', '2023-05-20 13:23:24'),
(131, 32, 31, '2023-05-20 13:23:24', '2023-05-20 13:23:24'),
(132, 33, 32, '2023-05-20 13:23:24', '2023-05-20 13:23:24'),
(133, 34, 33, '2023-05-20 13:23:24', '2023-05-20 13:23:24'),
(134, 35, 34, '2023-05-20 13:23:24', '2023-05-20 13:23:24'),
(135, 36, 35, '2023-05-20 13:23:24', '2023-05-20 13:23:24'),
(136, 37, 36, '2023-05-20 13:23:24', '2023-05-20 13:23:24'),
(137, 38, 37, '2023-05-20 13:23:24', '2023-05-20 13:23:24'),
(138, 39, 38, '2023-05-20 13:23:24', '2023-05-20 13:23:24'),
(139, 40, 39, '2023-05-20 13:23:24', '2023-05-20 13:23:24'),
(140, 41, 40, '2023-05-20 13:23:24', '2023-05-20 13:23:24'),
(141, 42, 41, '2023-05-20 13:23:24', '2023-05-20 13:23:24'),
(142, 43, 42, '2023-05-20 13:23:24', '2023-05-20 13:23:24'),
(143, 44, 43, '2023-05-20 13:23:24', '2023-05-20 13:23:24'),
(144, 45, 44, '2023-05-20 13:23:24', '2023-05-20 13:23:24'),
(145, 46, 45, '2023-05-20 13:23:24', '2023-05-20 13:23:24'),
(146, 47, 46, '2023-05-20 13:23:24', '2023-05-20 13:23:24'),
(147, 48, 47, '2023-05-20 13:23:24', '2023-05-20 13:23:24'),
(148, 49, 48, '2023-05-20 13:23:24', '2023-05-20 13:23:24'),
(149, 50, 49, '2023-05-20 13:23:24', '2023-05-20 13:23:24'),
(150, 51, 50, '2023-05-20 13:23:24', '2023-05-20 13:23:24'),
(151, 52, 51, '2023-05-20 13:23:24', '2023-05-20 13:23:24'),
(152, 53, 52, '2023-05-20 13:23:24', '2023-05-20 13:23:24'),
(153, 54, 53, '2023-05-20 13:23:24', '2023-05-20 13:23:24'),
(154, 55, 54, '2023-05-20 13:23:24', '2023-05-20 13:23:24'),
(155, 56, 55, '2023-05-20 13:23:24', '2023-05-20 13:23:24'),
(156, 57, 56, '2023-05-20 13:23:24', '2023-05-20 13:23:24'),
(157, 58, 57, '2023-05-20 13:23:24', '2023-05-20 13:23:24'),
(158, 59, 58, '2023-05-20 13:23:24', '2023-05-20 13:23:24'),
(159, 60, 59, '2023-05-20 13:23:24', '2023-05-20 13:23:24'),
(160, 61, 60, '2023-05-20 13:23:24', '2023-05-20 13:23:24'),
(161, 62, 61, '2023-05-20 13:23:24', '2023-05-20 13:23:24'),
(162, 63, 62, '2023-05-20 13:23:24', '2023-05-20 13:23:24'),
(163, 64, 63, '2023-05-20 13:23:24', '2023-05-20 13:23:24'),
(164, 65, 64, '2023-05-20 13:23:24', '2023-05-20 13:23:24'),
(165, 66, 65, '2023-05-20 13:23:24', '2023-05-20 13:23:24'),
(166, 67, 66, '2023-05-20 13:23:24', '2023-05-20 13:23:24'),
(167, 68, 67, '2023-05-20 13:23:24', '2023-05-20 13:23:24'),
(168, 69, 68, '2023-05-20 13:23:24', '2023-05-20 13:23:24'),
(169, 70, 69, '2023-05-20 13:23:24', '2023-05-20 13:23:24'),
(170, 71, 70, '2023-05-20 13:23:24', '2023-05-20 13:23:24'),
(171, 72, 71, '2023-05-20 13:23:24', '2023-05-20 13:23:24'),
(172, 73, 72, '2023-05-20 13:23:24', '2023-05-20 13:23:24'),
(173, 74, 73, '2023-05-20 13:23:25', '2023-05-20 13:23:25'),
(174, 75, 74, '2023-05-20 13:23:25', '2023-05-20 13:23:25'),
(175, 76, 75, '2023-05-20 13:23:25', '2023-05-20 13:23:25'),
(176, 77, 76, '2023-05-20 13:23:25', '2023-05-20 13:23:25'),
(177, 78, 77, '2023-05-20 13:23:25', '2023-05-20 13:23:25'),
(178, 79, 78, '2023-05-20 13:23:25', '2023-05-20 13:23:25'),
(179, 80, 79, '2023-05-20 13:23:25', '2023-05-20 13:23:25'),
(180, 81, 80, '2023-05-20 13:23:25', '2023-05-20 13:23:25'),
(181, 82, 81, '2023-05-20 13:23:25', '2023-05-20 13:23:25'),
(182, 83, 82, '2023-05-20 13:23:25', '2023-05-20 13:23:25'),
(183, 84, 83, '2023-05-20 13:23:25', '2023-05-20 13:23:25'),
(184, 85, 84, '2023-05-20 13:23:25', '2023-05-20 13:23:25'),
(185, 86, 85, '2023-05-20 13:23:25', '2023-05-20 13:23:25'),
(186, 87, 86, '2023-05-20 13:23:25', '2023-05-20 13:23:25'),
(187, 88, 87, '2023-05-20 13:23:25', '2023-05-20 13:23:25'),
(188, 89, 88, '2023-05-20 13:23:25', '2023-05-20 13:23:25'),
(189, 90, 89, '2023-05-20 13:23:25', '2023-05-20 13:23:25'),
(190, 91, 90, '2023-05-20 13:23:25', '2023-05-20 13:23:25'),
(191, 92, 91, '2023-05-20 13:23:25', '2023-05-20 13:23:25'),
(192, 93, 92, '2023-05-20 13:23:25', '2023-05-20 13:23:25'),
(193, 94, 93, '2023-05-20 13:23:25', '2023-05-20 13:23:25'),
(194, 95, 94, '2023-05-20 13:23:25', '2023-05-20 13:23:25'),
(195, 96, 95, '2023-05-20 13:23:25', '2023-05-20 13:23:25'),
(196, 97, 96, '2023-05-20 13:23:25', '2023-05-20 13:23:25'),
(197, 98, 97, '2023-05-20 13:23:25', '2023-05-20 13:23:25'),
(198, 99, 98, '2023-05-20 13:23:25', '2023-05-20 13:23:25'),
(199, 100, 99, '2023-05-20 13:23:25', '2023-05-20 13:23:25'),
(200, 1, 100, '2023-05-20 13:23:25', '2023-05-20 13:23:25'),
(201, 1, 1, '2023-05-20 13:23:51', '2023-05-20 13:23:51'),
(202, 2, 2, '2023-05-20 13:23:51', '2023-05-20 13:23:51'),
(203, 3, 3, '2023-05-20 13:23:51', '2023-05-20 13:23:51'),
(204, 4, 4, '2023-05-20 13:23:51', '2023-05-20 13:23:51'),
(205, 5, 5, '2023-05-20 13:23:51', '2023-05-20 13:23:51'),
(206, 6, 6, '2023-05-20 13:23:51', '2023-05-20 13:23:51'),
(207, 7, 7, '2023-05-20 13:23:51', '2023-05-20 13:23:51'),
(208, 8, 8, '2023-05-20 13:23:51', '2023-05-20 13:23:51'),
(209, 9, 9, '2023-05-20 13:23:51', '2023-05-20 13:23:51'),
(210, 10, 10, '2023-05-20 13:23:51', '2023-05-20 13:23:51'),
(211, 11, 11, '2023-05-20 13:23:51', '2023-05-20 13:23:51'),
(212, 12, 12, '2023-05-20 13:23:51', '2023-05-20 13:23:51'),
(213, 13, 13, '2023-05-20 13:23:51', '2023-05-20 13:23:51'),
(214, 14, 14, '2023-05-20 13:23:51', '2023-05-20 13:23:51'),
(215, 15, 15, '2023-05-20 13:23:51', '2023-05-20 13:23:51'),
(216, 16, 16, '2023-05-20 13:23:51', '2023-05-20 13:23:51'),
(217, 17, 17, '2023-05-20 13:23:51', '2023-05-20 13:23:51'),
(218, 18, 18, '2023-05-20 13:23:51', '2023-05-20 13:23:51'),
(219, 19, 19, '2023-05-20 13:23:51', '2023-05-20 13:23:51'),
(220, 20, 20, '2023-05-20 13:23:51', '2023-05-20 13:23:51'),
(221, 21, 21, '2023-05-20 13:23:51', '2023-05-20 13:23:51'),
(222, 22, 22, '2023-05-20 13:23:51', '2023-05-20 13:23:51'),
(223, 23, 23, '2023-05-20 13:23:51', '2023-05-20 13:23:51'),
(224, 24, 24, '2023-05-20 13:23:51', '2023-05-20 13:23:51'),
(225, 25, 25, '2023-05-20 13:23:51', '2023-05-20 13:23:51'),
(226, 26, 26, '2023-05-20 13:23:51', '2023-05-20 13:23:51'),
(227, 27, 27, '2023-05-20 13:23:51', '2023-05-20 13:23:51'),
(228, 28, 28, '2023-05-20 13:23:51', '2023-05-20 13:23:51'),
(229, 29, 29, '2023-05-20 13:23:51', '2023-05-20 13:23:51'),
(230, 30, 30, '2023-05-20 13:23:51', '2023-05-20 13:23:51'),
(231, 31, 31, '2023-05-20 13:23:51', '2023-05-20 13:23:51'),
(232, 32, 32, '2023-05-20 13:23:51', '2023-05-20 13:23:51'),
(233, 33, 33, '2023-05-20 13:23:51', '2023-05-20 13:23:51'),
(234, 34, 34, '2023-05-20 13:23:51', '2023-05-20 13:23:51'),
(235, 35, 35, '2023-05-20 13:23:51', '2023-05-20 13:23:51'),
(236, 36, 36, '2023-05-20 13:23:51', '2023-05-20 13:23:51'),
(237, 37, 37, '2023-05-20 13:23:51', '2023-05-20 13:23:51'),
(238, 38, 38, '2023-05-20 13:23:51', '2023-05-20 13:23:51'),
(239, 39, 39, '2023-05-20 13:23:51', '2023-05-20 13:23:51'),
(240, 40, 40, '2023-05-20 13:23:51', '2023-05-20 13:23:51'),
(241, 41, 41, '2023-05-20 13:23:51', '2023-05-20 13:23:51'),
(242, 42, 42, '2023-05-20 13:23:51', '2023-05-20 13:23:51'),
(243, 43, 43, '2023-05-20 13:23:51', '2023-05-20 13:23:51'),
(244, 44, 44, '2023-05-20 13:23:51', '2023-05-20 13:23:51'),
(245, 45, 45, '2023-05-20 13:23:51', '2023-05-20 13:23:51'),
(246, 46, 46, '2023-05-20 13:23:51', '2023-05-20 13:23:51'),
(247, 47, 47, '2023-05-20 13:23:51', '2023-05-20 13:23:51'),
(248, 48, 48, '2023-05-20 13:23:51', '2023-05-20 13:23:51'),
(249, 49, 49, '2023-05-20 13:23:51', '2023-05-20 13:23:51'),
(250, 50, 50, '2023-05-20 13:23:51', '2023-05-20 13:23:51'),
(251, 51, 51, '2023-05-20 13:23:51', '2023-05-20 13:23:51'),
(252, 52, 52, '2023-05-20 13:23:51', '2023-05-20 13:23:51'),
(253, 53, 53, '2023-05-20 13:23:51', '2023-05-20 13:23:51'),
(254, 54, 54, '2023-05-20 13:23:51', '2023-05-20 13:23:51'),
(255, 55, 55, '2023-05-20 13:23:51', '2023-05-20 13:23:51'),
(256, 56, 56, '2023-05-20 13:23:51', '2023-05-20 13:23:51'),
(257, 57, 57, '2023-05-20 13:23:51', '2023-05-20 13:23:51'),
(258, 58, 58, '2023-05-20 13:23:51', '2023-05-20 13:23:51'),
(259, 59, 59, '2023-05-20 13:23:51', '2023-05-20 13:23:51'),
(260, 60, 60, '2023-05-20 13:23:51', '2023-05-20 13:23:51'),
(261, 61, 61, '2023-05-20 13:23:51', '2023-05-20 13:23:51'),
(262, 62, 62, '2023-05-20 13:23:51', '2023-05-20 13:23:51'),
(263, 63, 63, '2023-05-20 13:23:51', '2023-05-20 13:23:51'),
(264, 64, 64, '2023-05-20 13:23:51', '2023-05-20 13:23:51'),
(265, 65, 65, '2023-05-20 13:23:51', '2023-05-20 13:23:51'),
(266, 66, 66, '2023-05-20 13:23:51', '2023-05-20 13:23:51'),
(267, 67, 67, '2023-05-20 13:23:51', '2023-05-20 13:23:51'),
(268, 68, 68, '2023-05-20 13:23:51', '2023-05-20 13:23:51'),
(269, 69, 69, '2023-05-20 13:23:51', '2023-05-20 13:23:51'),
(270, 70, 70, '2023-05-20 13:23:51', '2023-05-20 13:23:51'),
(271, 71, 71, '2023-05-20 13:23:51', '2023-05-20 13:23:51'),
(272, 72, 72, '2023-05-20 13:23:51', '2023-05-20 13:23:51'),
(273, 73, 73, '2023-05-20 13:23:51', '2023-05-20 13:23:51'),
(274, 74, 74, '2023-05-20 13:23:51', '2023-05-20 13:23:51'),
(275, 75, 75, '2023-05-20 13:23:51', '2023-05-20 13:23:51'),
(276, 76, 76, '2023-05-20 13:23:51', '2023-05-20 13:23:51'),
(277, 77, 77, '2023-05-20 13:23:51', '2023-05-20 13:23:51'),
(278, 78, 78, '2023-05-20 13:23:51', '2023-05-20 13:23:51'),
(279, 79, 79, '2023-05-20 13:23:51', '2023-05-20 13:23:51'),
(280, 80, 80, '2023-05-20 13:23:51', '2023-05-20 13:23:51'),
(281, 81, 81, '2023-05-20 13:23:51', '2023-05-20 13:23:51'),
(282, 82, 82, '2023-05-20 13:23:51', '2023-05-20 13:23:51'),
(283, 83, 83, '2023-05-20 13:23:51', '2023-05-20 13:23:51'),
(284, 84, 84, '2023-05-20 13:23:51', '2023-05-20 13:23:51'),
(285, 85, 85, '2023-05-20 13:23:51', '2023-05-20 13:23:51'),
(286, 86, 86, '2023-05-20 13:23:51', '2023-05-20 13:23:51'),
(287, 87, 87, '2023-05-20 13:23:51', '2023-05-20 13:23:51'),
(288, 88, 88, '2023-05-20 13:23:51', '2023-05-20 13:23:51'),
(289, 89, 89, '2023-05-20 13:23:51', '2023-05-20 13:23:51'),
(290, 90, 90, '2023-05-20 13:23:51', '2023-05-20 13:23:51'),
(291, 91, 91, '2023-05-20 13:23:51', '2023-05-20 13:23:51'),
(292, 92, 92, '2023-05-20 13:23:51', '2023-05-20 13:23:51'),
(293, 93, 93, '2023-05-20 13:23:51', '2023-05-20 13:23:51'),
(294, 94, 94, '2023-05-20 13:23:51', '2023-05-20 13:23:51'),
(295, 95, 95, '2023-05-20 13:23:51', '2023-05-20 13:23:51'),
(296, 96, 96, '2023-05-20 13:23:51', '2023-05-20 13:23:51'),
(297, 97, 97, '2023-05-20 13:23:51', '2023-05-20 13:23:51'),
(298, 98, 98, '2023-05-20 13:23:51', '2023-05-20 13:23:51'),
(299, 99, 99, '2023-05-20 13:23:51', '2023-05-20 13:23:51'),
(300, 100, 100, '2023-05-20 13:23:51', '2023-05-20 13:23:51');

-- --------------------------------------------------------

--
-- Table structure for table `contact_messages`
--

CREATE TABLE `contact_messages` (
  `id` int(11) NOT NULL,
  `name` varchar(255) NOT NULL,
  `email` varchar(255) NOT NULL,
  `subject` varchar(255) NOT NULL,
  `message` text NOT NULL,
  `created_at` timestamp NOT NULL DEFAULT current_timestamp(),
  `updated_at` timestamp NOT NULL DEFAULT current_timestamp() ON UPDATE current_timestamp()
) ENGINE=InnoDB DEFAULT CHARSET=utf8mb4 COLLATE=utf8mb4_general_ci;

--
-- Dumping data for table `contact_messages`
--

INSERT INTO `contact_messages` (`id`, `name`, `email`, `subject`, `message`, `created_at`, `updated_at`) VALUES
(1, 'Rudolph Mills', 'Mckenzie_Fahey22@gmail.com', 'This is a subject', 'Hello Bernard Sapida!', '2023-05-20 13:10:35', '2023-05-20 13:10:35'),
(2, 'Rudolph Bernhard', 'Dayna.Brakus@yahoo.com', 'This is a subject', 'Hello Bernard Sapida!', '2023-05-20 13:10:35', '2023-05-20 13:10:35'),
(3, 'Hugh Terry', 'Marisa.Buckridge@yahoo.com', 'This is a subject', 'Hello Bernard Sapida!', '2023-05-20 13:10:35', '2023-05-20 13:10:35'),
(4, 'Sherri Cole', 'Raven.Stiedemann79@hotmail.com', 'This is a subject', 'Hello Bernard Sapida!', '2023-05-20 13:10:35', '2023-05-20 13:10:35'),
(5, 'Jean Homenick', 'Alicia.Mayer@hotmail.com', 'This is a subject', 'Hello Bernard Sapida!', '2023-05-20 13:10:35', '2023-05-20 13:10:35'),
(6, 'Mrs. Dana Kling', 'Breanna77@hotmail.com', 'This is a subject', 'Hello Bernard Sapida!', '2023-05-20 13:10:35', '2023-05-20 13:10:35'),
(7, 'Owen Schulist PhD', 'Lon3@gmail.com', 'This is a subject', 'Hello Bernard Sapida!', '2023-05-20 13:10:35', '2023-05-20 13:10:35'),
(8, 'Warren Rolfson', 'Adele33@gmail.com', 'This is a subject', 'Hello Bernard Sapida!', '2023-05-20 13:10:35', '2023-05-20 13:10:35'),
(9, 'Van Farrell', 'Hardy_Schroeder@yahoo.com', 'This is a subject', 'Hello Bernard Sapida!', '2023-05-20 13:10:35', '2023-05-20 13:10:35'),
(10, 'Scott Prohaska DVM', 'Abbey_Bergstrom@gmail.com', 'This is a subject', 'Hello Bernard Sapida!', '2023-05-20 13:10:35', '2023-05-20 13:10:35'),
(11, 'Ivan McLaughlin', 'Wendell40@gmail.com', 'This is a subject', 'Hello Bernard Sapida!', '2023-05-20 13:10:35', '2023-05-20 13:10:35'),
(12, 'Miss Bryan Blanda I', 'Amiya.Brekke@yahoo.com', 'This is a subject', 'Hello Bernard Sapida!', '2023-05-20 13:10:35', '2023-05-20 13:10:35'),
(13, 'Roberta Quitzon', 'Chanelle_Gleason5@hotmail.com', 'This is a subject', 'Hello Bernard Sapida!', '2023-05-20 13:10:35', '2023-05-20 13:10:35'),
(14, 'Kevin Crooks I', 'Leta10@gmail.com', 'This is a subject', 'Hello Bernard Sapida!', '2023-05-20 13:10:35', '2023-05-20 13:10:35'),
(15, 'Allison Wolf', 'Darrin63@gmail.com', 'This is a subject', 'Hello Bernard Sapida!', '2023-05-20 13:10:35', '2023-05-20 13:10:35'),
(16, 'Eloise Kiehn', 'Tremaine70@yahoo.com', 'This is a subject', 'Hello Bernard Sapida!', '2023-05-20 13:10:35', '2023-05-20 13:10:35'),
(17, 'Dr. Leslie Ruecker V', 'Helmer40@gmail.com', 'This is a subject', 'Hello Bernard Sapida!', '2023-05-20 13:10:35', '2023-05-20 13:10:35'),
(18, 'Darrin Casper', 'Alexandro2@hotmail.com', 'This is a subject', 'Hello Bernard Sapida!', '2023-05-20 13:10:35', '2023-05-20 13:10:35'),
(19, 'Adrian Wolff', 'Madyson70@yahoo.com', 'This is a subject', 'Hello Bernard Sapida!', '2023-05-20 13:10:35', '2023-05-20 13:10:35'),
(20, 'Ivan Grimes', 'Breanna.Smith32@yahoo.com', 'This is a subject', 'Hello Bernard Sapida!', '2023-05-20 13:10:35', '2023-05-20 13:10:35'),
(21, 'Evelyn Howe', 'Thea_Sawayn65@yahoo.com', 'This is a subject', 'Hello Bernard Sapida!', '2023-05-20 13:10:35', '2023-05-20 13:10:35'),
(22, 'Isabel Barton I', 'Carmela.Fahey@gmail.com', 'This is a subject', 'Hello Bernard Sapida!', '2023-05-20 13:10:35', '2023-05-20 13:10:35'),
(23, 'Stella Mante', 'Mariela_Sporer62@yahoo.com', 'This is a subject', 'Hello Bernard Sapida!', '2023-05-20 13:10:35', '2023-05-20 13:10:35'),
(24, 'Dr. Anita Russel II', 'Dallas_Legros16@hotmail.com', 'This is a subject', 'Hello Bernard Sapida!', '2023-05-20 13:10:35', '2023-05-20 13:10:35'),
(25, 'Eddie Carroll', 'Hallie_Schuppe46@hotmail.com', 'This is a subject', 'Hello Bernard Sapida!', '2023-05-20 13:10:35', '2023-05-20 13:10:35'),
(26, 'Marcella Toy', 'Sage_Hauck51@hotmail.com', 'This is a subject', 'Hello Bernard Sapida!', '2023-05-20 13:10:35', '2023-05-20 13:10:35'),
(27, 'Sidney Bins', 'Belle.Paucek@gmail.com', 'This is a subject', 'Hello Bernard Sapida!', '2023-05-20 13:10:35', '2023-05-20 13:10:35'),
(28, 'Donald Halvorson', 'Fanny33@hotmail.com', 'This is a subject', 'Hello Bernard Sapida!', '2023-05-20 13:10:35', '2023-05-20 13:10:35'),
(29, 'Rosemary Stehr', 'Ettie.Smitham@gmail.com', 'This is a subject', 'Hello Bernard Sapida!', '2023-05-20 13:10:35', '2023-05-20 13:10:35'),
(30, 'Clara Breitenberg', 'Layne66@hotmail.com', 'This is a subject', 'Hello Bernard Sapida!', '2023-05-20 13:10:35', '2023-05-20 13:10:35'),
(31, 'Pat Hermann', 'Ollie65@yahoo.com', 'This is a subject', 'Hello Bernard Sapida!', '2023-05-20 13:10:35', '2023-05-20 13:10:35'),
(32, 'Olive Waelchi', 'Archibald_Rice61@hotmail.com', 'This is a subject', 'Hello Bernard Sapida!', '2023-05-20 13:10:35', '2023-05-20 13:10:35'),
(33, 'Enrique Gislason', 'Leanne_Cole@gmail.com', 'This is a subject', 'Hello Bernard Sapida!', '2023-05-20 13:10:35', '2023-05-20 13:10:35'),
(34, 'Toni Reinger', 'Ebony.Abbott44@gmail.com', 'This is a subject', 'Hello Bernard Sapida!', '2023-05-20 13:10:35', '2023-05-20 13:10:35'),
(35, 'Mr. Everett Rogahn', 'Jalon25@hotmail.com', 'This is a subject', 'Hello Bernard Sapida!', '2023-05-20 13:10:35', '2023-05-20 13:10:35'),
(36, 'Bertha Shields', 'Winfield.Herman56@yahoo.com', 'This is a subject', 'Hello Bernard Sapida!', '2023-05-20 13:10:35', '2023-05-20 13:10:35'),
(37, 'Dr. Boyd Witting', 'Monte68@hotmail.com', 'This is a subject', 'Hello Bernard Sapida!', '2023-05-20 13:10:35', '2023-05-20 13:10:35'),
(38, 'Mercedes Bogan', 'Donna_Koepp@yahoo.com', 'This is a subject', 'Hello Bernard Sapida!', '2023-05-20 13:10:35', '2023-05-20 13:10:35'),
(39, 'Mrs. Jeffrey Bergstrom', 'Camren99@yahoo.com', 'This is a subject', 'Hello Bernard Sapida!', '2023-05-20 13:10:35', '2023-05-20 13:10:35'),
(40, 'Christopher Lebsack', 'Dana39@hotmail.com', 'This is a subject', 'Hello Bernard Sapida!', '2023-05-20 13:10:35', '2023-05-20 13:10:35'),
(41, 'Mrs. Lydia Wolff', 'Naomie_Pagac79@hotmail.com', 'This is a subject', 'Hello Bernard Sapida!', '2023-05-20 13:10:35', '2023-05-20 13:10:35'),
(42, 'Michael Considine', 'Iva_Kessler33@gmail.com', 'This is a subject', 'Hello Bernard Sapida!', '2023-05-20 13:10:35', '2023-05-20 13:10:35'),
(43, 'Cindy Bernier', 'Lonnie.Orn25@hotmail.com', 'This is a subject', 'Hello Bernard Sapida!', '2023-05-20 13:10:35', '2023-05-20 13:10:35'),
(44, 'Rosie Toy II', 'Ethan66@hotmail.com', 'This is a subject', 'Hello Bernard Sapida!', '2023-05-20 13:10:35', '2023-05-20 13:10:35'),
(45, 'Van Rowe', 'Alena_Shields@hotmail.com', 'This is a subject', 'Hello Bernard Sapida!', '2023-05-20 13:10:35', '2023-05-20 13:10:35'),
(46, 'Monique Paucek', 'Bret23@gmail.com', 'This is a subject', 'Hello Bernard Sapida!', '2023-05-20 13:10:35', '2023-05-20 13:10:35'),
(47, 'Geoffrey Quigley IV', 'Dixie_Kertzmann49@yahoo.com', 'This is a subject', 'Hello Bernard Sapida!', '2023-05-20 13:10:35', '2023-05-20 13:10:35'),
(48, 'Joel Funk', 'Brenda.Kirlin@hotmail.com', 'This is a subject', 'Hello Bernard Sapida!', '2023-05-20 13:10:35', '2023-05-20 13:10:35'),
(49, 'Gwen Ebert', 'Buster_Bode@gmail.com', 'This is a subject', 'Hello Bernard Sapida!', '2023-05-20 13:10:35', '2023-05-20 13:10:35'),
(50, 'Natasha Hammes', 'Odell_Johnston@hotmail.com', 'This is a subject', 'Hello Bernard Sapida!', '2023-05-20 13:10:35', '2023-05-20 13:10:35'),
(51, 'Delores Baumbach', 'Ruthe9@gmail.com', 'This is a subject', 'Hello Bernard Sapida!', '2023-05-20 13:10:35', '2023-05-20 13:10:35'),
(52, 'Roberto Leuschke', 'Felipa37@yahoo.com', 'This is a subject', 'Hello Bernard Sapida!', '2023-05-20 13:10:35', '2023-05-20 13:10:35'),
(53, 'Ruben Beahan', 'Adolph_Parisian19@yahoo.com', 'This is a subject', 'Hello Bernard Sapida!', '2023-05-20 13:10:35', '2023-05-20 13:10:35'),
(54, 'Gerard Jerde', 'Fannie_Conn31@yahoo.com', 'This is a subject', 'Hello Bernard Sapida!', '2023-05-20 13:10:35', '2023-05-20 13:10:35'),
(55, 'Melinda Swaniawski', 'Lia_Frami38@yahoo.com', 'This is a subject', 'Hello Bernard Sapida!', '2023-05-20 13:10:35', '2023-05-20 13:10:35'),
(56, 'Justin Mitchell', 'Mazie.Steuber69@hotmail.com', 'This is a subject', 'Hello Bernard Sapida!', '2023-05-20 13:10:35', '2023-05-20 13:10:35'),
(57, 'Regina Krajcik', 'Hiram65@hotmail.com', 'This is a subject', 'Hello Bernard Sapida!', '2023-05-20 13:10:35', '2023-05-20 13:10:35'),
(58, 'Kerry Kohler', 'Torrance_Abernathy@hotmail.com', 'This is a subject', 'Hello Bernard Sapida!', '2023-05-20 13:10:35', '2023-05-20 13:10:35'),
(59, 'Jamie Sporer', 'Franco_Stark88@hotmail.com', 'This is a subject', 'Hello Bernard Sapida!', '2023-05-20 13:10:35', '2023-05-20 13:10:35'),
(60, 'Keith Boyle', 'Heather.Jaskolski45@hotmail.com', 'This is a subject', 'Hello Bernard Sapida!', '2023-05-20 13:10:35', '2023-05-20 13:10:35'),
(61, 'Dr. Becky Koss', 'Geraldine_Ankunding70@yahoo.com', 'This is a subject', 'Hello Bernard Sapida!', '2023-05-20 13:10:35', '2023-05-20 13:10:35'),
(62, 'Randy Little', 'Kristin79@hotmail.com', 'This is a subject', 'Hello Bernard Sapida!', '2023-05-20 13:10:35', '2023-05-20 13:10:35'),
(63, 'Jackie Stroman Sr.', 'Makayla97@hotmail.com', 'This is a subject', 'Hello Bernard Sapida!', '2023-05-20 13:10:35', '2023-05-20 13:10:35'),
(64, 'Jack Harris', 'Miller_Dach@yahoo.com', 'This is a subject', 'Hello Bernard Sapida!', '2023-05-20 13:10:35', '2023-05-20 13:10:35'),
(65, 'Teri Ledner', 'Ibrahim.Willms@yahoo.com', 'This is a subject', 'Hello Bernard Sapida!', '2023-05-20 13:10:35', '2023-05-20 13:10:35'),
(66, 'Ed Lockman', 'Wellington_Jaskolski@gmail.com', 'This is a subject', 'Hello Bernard Sapida!', '2023-05-20 13:10:35', '2023-05-20 13:10:35'),
(67, 'Leslie Volkman', 'Naomi4@yahoo.com', 'This is a subject', 'Hello Bernard Sapida!', '2023-05-20 13:10:35', '2023-05-20 13:10:35'),
(68, 'Miguel Cole', 'Greg.Daugherty69@hotmail.com', 'This is a subject', 'Hello Bernard Sapida!', '2023-05-20 13:10:35', '2023-05-20 13:10:35'),
(69, 'Salvatore Rau', 'Brendon.Stark@hotmail.com', 'This is a subject', 'Hello Bernard Sapida!', '2023-05-20 13:10:35', '2023-05-20 13:10:35'),
(70, 'Maggie Miller', 'Chelsie94@yahoo.com', 'This is a subject', 'Hello Bernard Sapida!', '2023-05-20 13:10:35', '2023-05-20 13:10:35'),
(71, 'May Lehner', 'Griffin_Mills40@gmail.com', 'This is a subject', 'Hello Bernard Sapida!', '2023-05-20 13:10:35', '2023-05-20 13:10:35'),
(72, 'Ramona Hessel', 'Liam_Beer@gmail.com', 'This is a subject', 'Hello Bernard Sapida!', '2023-05-20 13:10:35', '2023-05-20 13:10:35'),
(73, 'Debra Tremblay', 'Cletus_Crooks66@gmail.com', 'This is a subject', 'Hello Bernard Sapida!', '2023-05-20 13:10:35', '2023-05-20 13:10:35'),
(74, 'Miss Bruce Anderson', 'Quinn.Cummerata86@hotmail.com', 'This is a subject', 'Hello Bernard Sapida!', '2023-05-20 13:10:35', '2023-05-20 13:10:35'),
(75, 'Gertrude Bauch', 'Samanta65@yahoo.com', 'This is a subject', 'Hello Bernard Sapida!', '2023-05-20 13:10:35', '2023-05-20 13:10:35'),
(76, 'Terri Daugherty', 'Jaquelin.Ortiz50@gmail.com', 'This is a subject', 'Hello Bernard Sapida!', '2023-05-20 13:10:35', '2023-05-20 13:10:35'),
(77, 'Kathleen Champlin', 'Guiseppe_Fay@gmail.com', 'This is a subject', 'Hello Bernard Sapida!', '2023-05-20 13:10:35', '2023-05-20 13:10:35'),
(78, 'Mr. Mildred Zulauf', 'General_Dicki92@yahoo.com', 'This is a subject', 'Hello Bernard Sapida!', '2023-05-20 13:10:35', '2023-05-20 13:10:35'),
(79, 'Vicki Gerhold', 'Sunny.Ortiz@hotmail.com', 'This is a subject', 'Hello Bernard Sapida!', '2023-05-20 13:10:35', '2023-05-20 13:10:35'),
(80, 'Jaime D\'Amore DDS', 'Armani9@hotmail.com', 'This is a subject', 'Hello Bernard Sapida!', '2023-05-20 13:10:35', '2023-05-20 13:10:35'),
(81, 'Norman Bartoletti', 'Giovani_Anderson@yahoo.com', 'This is a subject', 'Hello Bernard Sapida!', '2023-05-20 13:10:35', '2023-05-20 13:10:35'),
(82, 'Angel Hudson', 'Wellington_Reichel@yahoo.com', 'This is a subject', 'Hello Bernard Sapida!', '2023-05-20 13:10:35', '2023-05-20 13:10:35'),
(83, 'Anne Rodriguez', 'Elyssa.Lind27@hotmail.com', 'This is a subject', 'Hello Bernard Sapida!', '2023-05-20 13:10:35', '2023-05-20 13:10:35'),
(84, 'Jim Hayes', 'Juliet.Huels@yahoo.com', 'This is a subject', 'Hello Bernard Sapida!', '2023-05-20 13:10:35', '2023-05-20 13:10:35'),
(85, 'Glenn Hirthe', 'Sonny_Langworth@hotmail.com', 'This is a subject', 'Hello Bernard Sapida!', '2023-05-20 13:10:35', '2023-05-20 13:10:35'),
(86, 'Diane Barton', 'Blake.Kemmer63@gmail.com', 'This is a subject', 'Hello Bernard Sapida!', '2023-05-20 13:10:35', '2023-05-20 13:10:35'),
(87, 'Mrs. Emilio Rolfson', 'Delbert.Mitchell@hotmail.com', 'This is a subject', 'Hello Bernard Sapida!', '2023-05-20 13:10:35', '2023-05-20 13:10:35'),
(88, 'Darin Huel', 'Consuelo22@gmail.com', 'This is a subject', 'Hello Bernard Sapida!', '2023-05-20 13:10:35', '2023-05-20 13:10:35'),
(89, 'Louis Tromp', 'Dora_Hyatt@yahoo.com', 'This is a subject', 'Hello Bernard Sapida!', '2023-05-20 13:10:35', '2023-05-20 13:10:35'),
(90, 'Amos Hoeger', 'Kiara_Fadel@gmail.com', 'This is a subject', 'Hello Bernard Sapida!', '2023-05-20 13:10:35', '2023-05-20 13:10:35'),
(91, 'Dana Yundt', 'Elisha_King29@hotmail.com', 'This is a subject', 'Hello Bernard Sapida!', '2023-05-20 13:10:35', '2023-05-20 13:10:35'),
(92, 'Constance Auer', 'Edison41@yahoo.com', 'This is a subject', 'Hello Bernard Sapida!', '2023-05-20 13:10:35', '2023-05-20 13:10:35'),
(93, 'Traci Zulauf', 'Vincenzo.Predovic@yahoo.com', 'This is a subject', 'Hello Bernard Sapida!', '2023-05-20 13:10:35', '2023-05-20 13:10:35'),
(94, 'Orville Collier', 'Catherine.Parisian31@hotmail.com', 'This is a subject', 'Hello Bernard Sapida!', '2023-05-20 13:10:35', '2023-05-20 13:10:35'),
(95, 'Kristen Howe', 'Polly.Breitenberg13@gmail.com', 'This is a subject', 'Hello Bernard Sapida!', '2023-05-20 13:10:35', '2023-05-20 13:10:35'),
(96, 'Debra Tremblay', 'Odessa_Kirlin91@hotmail.com', 'This is a subject', 'Hello Bernard Sapida!', '2023-05-20 13:10:35', '2023-05-20 13:10:35'),
(97, 'Dr. Valerie Kulas', 'Priscilla.Schultz@hotmail.com', 'This is a subject', 'Hello Bernard Sapida!', '2023-05-20 13:10:35', '2023-05-20 13:10:35'),
(98, 'Joey Cummerata', 'Everett_Kovacek@gmail.com', 'This is a subject', 'Hello Bernard Sapida!', '2023-05-20 13:10:35', '2023-05-20 13:10:35'),
(99, 'Roger Ward', 'Arden_Bogan28@gmail.com', 'This is a subject', 'Hello Bernard Sapida!', '2023-05-20 13:10:35', '2023-05-20 13:10:35'),
(100, 'Naomi Reinger', 'Lenny.Kautzer@gmail.com', 'This is a subject', 'Hello Bernard Sapida!', '2023-05-20 13:10:35', '2023-05-20 13:10:35');

-- --------------------------------------------------------

--
-- Table structure for table `favorites`
--

CREATE TABLE `favorites` (
  `id` int(11) NOT NULL,
  `product_id` int(11) NOT NULL,
  `user_id` int(11) NOT NULL,
  `created_at` timestamp NOT NULL DEFAULT current_timestamp(),
  `updated_at` timestamp NOT NULL DEFAULT current_timestamp() ON UPDATE current_timestamp()
) ENGINE=InnoDB DEFAULT CHARSET=utf8mb4 COLLATE=utf8mb4_general_ci;

--
-- Dumping data for table `favorites`
--

INSERT INTO `favorites` (`id`, `product_id`, `user_id`, `created_at`, `updated_at`) VALUES
(1, 1, 1, '2023-05-20 13:15:16', '2023-05-20 13:15:16'),
(2, 2, 2, '2023-05-20 13:15:16', '2023-05-20 13:15:16'),
(3, 3, 3, '2023-05-20 13:15:16', '2023-05-20 13:15:16'),
(4, 4, 4, '2023-05-20 13:15:16', '2023-05-20 13:15:16'),
(5, 5, 5, '2023-05-20 13:15:16', '2023-05-20 13:15:16'),
(6, 6, 6, '2023-05-20 13:15:16', '2023-05-20 13:15:16'),
(7, 7, 7, '2023-05-20 13:15:16', '2023-05-20 13:15:16'),
(8, 8, 8, '2023-05-20 13:15:16', '2023-05-20 13:15:16'),
(9, 9, 9, '2023-05-20 13:15:16', '2023-05-20 13:15:16'),
(10, 10, 10, '2023-05-20 13:15:16', '2023-05-20 13:15:16'),
(11, 11, 11, '2023-05-20 13:15:16', '2023-05-20 13:15:16'),
(12, 12, 12, '2023-05-20 13:15:16', '2023-05-20 13:15:16'),
(13, 13, 13, '2023-05-20 13:15:16', '2023-05-20 13:15:16'),
(14, 14, 14, '2023-05-20 13:15:16', '2023-05-20 13:15:16'),
(15, 15, 15, '2023-05-20 13:15:16', '2023-05-20 13:15:16'),
(16, 16, 16, '2023-05-20 13:15:16', '2023-05-20 13:15:16'),
(17, 17, 17, '2023-05-20 13:15:16', '2023-05-20 13:15:16'),
(18, 18, 18, '2023-05-20 13:15:16', '2023-05-20 13:15:16'),
(19, 19, 19, '2023-05-20 13:15:16', '2023-05-20 13:15:16'),
(20, 20, 20, '2023-05-20 13:15:16', '2023-05-20 13:15:16'),
(21, 21, 21, '2023-05-20 13:15:16', '2023-05-20 13:15:16'),
(22, 22, 22, '2023-05-20 13:15:16', '2023-05-20 13:15:16'),
(23, 23, 23, '2023-05-20 13:15:16', '2023-05-20 13:15:16'),
(24, 24, 24, '2023-05-20 13:15:16', '2023-05-20 13:15:16'),
(25, 25, 25, '2023-05-20 13:15:16', '2023-05-20 13:15:16'),
(26, 26, 26, '2023-05-20 13:15:16', '2023-05-20 13:15:16'),
(27, 27, 27, '2023-05-20 13:15:16', '2023-05-20 13:15:16'),
(28, 28, 28, '2023-05-20 13:15:16', '2023-05-20 13:15:16'),
(29, 29, 29, '2023-05-20 13:15:16', '2023-05-20 13:15:16'),
(30, 30, 30, '2023-05-20 13:15:16', '2023-05-20 13:15:16'),
(31, 31, 31, '2023-05-20 13:15:16', '2023-05-20 13:15:16'),
(32, 32, 32, '2023-05-20 13:15:16', '2023-05-20 13:15:16'),
(33, 33, 33, '2023-05-20 13:15:16', '2023-05-20 13:15:16'),
(34, 34, 34, '2023-05-20 13:15:16', '2023-05-20 13:15:16'),
(35, 35, 35, '2023-05-20 13:15:16', '2023-05-20 13:15:16'),
(36, 36, 36, '2023-05-20 13:15:16', '2023-05-20 13:15:16'),
(37, 37, 37, '2023-05-20 13:15:16', '2023-05-20 13:15:16'),
(38, 38, 38, '2023-05-20 13:15:16', '2023-05-20 13:15:16'),
(39, 39, 39, '2023-05-20 13:15:16', '2023-05-20 13:15:16'),
(40, 40, 40, '2023-05-20 13:15:16', '2023-05-20 13:15:16'),
(41, 41, 41, '2023-05-20 13:15:16', '2023-05-20 13:15:16'),
(42, 42, 42, '2023-05-20 13:15:16', '2023-05-20 13:15:16'),
(43, 43, 43, '2023-05-20 13:15:16', '2023-05-20 13:15:16'),
(44, 44, 44, '2023-05-20 13:15:16', '2023-05-20 13:15:16'),
(45, 45, 45, '2023-05-20 13:15:16', '2023-05-20 13:15:16'),
(46, 46, 46, '2023-05-20 13:15:16', '2023-05-20 13:15:16'),
(47, 47, 47, '2023-05-20 13:15:16', '2023-05-20 13:15:16'),
(48, 48, 48, '2023-05-20 13:15:16', '2023-05-20 13:15:16'),
(49, 49, 49, '2023-05-20 13:15:16', '2023-05-20 13:15:16'),
(50, 50, 50, '2023-05-20 13:15:16', '2023-05-20 13:15:16'),
(51, 51, 51, '2023-05-20 13:15:16', '2023-05-20 13:15:16'),
(52, 52, 52, '2023-05-20 13:15:16', '2023-05-20 13:15:16'),
(53, 53, 53, '2023-05-20 13:15:16', '2023-05-20 13:15:16'),
(54, 54, 54, '2023-05-20 13:15:16', '2023-05-20 13:15:16'),
(55, 55, 55, '2023-05-20 13:15:16', '2023-05-20 13:15:16'),
(56, 56, 56, '2023-05-20 13:15:16', '2023-05-20 13:15:16'),
(57, 57, 57, '2023-05-20 13:15:16', '2023-05-20 13:15:16'),
(58, 58, 58, '2023-05-20 13:15:16', '2023-05-20 13:15:16'),
(59, 59, 59, '2023-05-20 13:15:16', '2023-05-20 13:15:16'),
(60, 60, 60, '2023-05-20 13:15:16', '2023-05-20 13:15:16'),
(61, 61, 61, '2023-05-20 13:15:16', '2023-05-20 13:15:16'),
(62, 62, 62, '2023-05-20 13:15:16', '2023-05-20 13:15:16'),
(63, 63, 63, '2023-05-20 13:15:16', '2023-05-20 13:15:16'),
(64, 64, 64, '2023-05-20 13:15:16', '2023-05-20 13:15:16'),
(65, 65, 65, '2023-05-20 13:15:16', '2023-05-20 13:15:16'),
(66, 66, 66, '2023-05-20 13:15:16', '2023-05-20 13:15:16'),
(67, 67, 67, '2023-05-20 13:15:16', '2023-05-20 13:15:16'),
(68, 68, 68, '2023-05-20 13:15:16', '2023-05-20 13:15:16'),
(69, 69, 69, '2023-05-20 13:15:16', '2023-05-20 13:15:16'),
(70, 70, 70, '2023-05-20 13:15:16', '2023-05-20 13:15:16'),
(71, 71, 71, '2023-05-20 13:15:16', '2023-05-20 13:15:16'),
(72, 72, 72, '2023-05-20 13:15:16', '2023-05-20 13:15:16'),
(73, 73, 73, '2023-05-20 13:15:16', '2023-05-20 13:15:16'),
(74, 74, 74, '2023-05-20 13:15:16', '2023-05-20 13:15:16'),
(75, 75, 75, '2023-05-20 13:15:17', '2023-05-20 13:15:17'),
(76, 76, 76, '2023-05-20 13:15:17', '2023-05-20 13:15:17'),
(77, 77, 77, '2023-05-20 13:15:17', '2023-05-20 13:15:17'),
(78, 78, 78, '2023-05-20 13:15:17', '2023-05-20 13:15:17'),
(79, 79, 79, '2023-05-20 13:15:17', '2023-05-20 13:15:17'),
(80, 80, 80, '2023-05-20 13:15:17', '2023-05-20 13:15:17'),
(81, 81, 81, '2023-05-20 13:15:17', '2023-05-20 13:15:17'),
(82, 82, 82, '2023-05-20 13:15:17', '2023-05-20 13:15:17'),
(83, 83, 83, '2023-05-20 13:15:17', '2023-05-20 13:15:17'),
(84, 84, 84, '2023-05-20 13:15:17', '2023-05-20 13:15:17'),
(85, 85, 85, '2023-05-20 13:15:17', '2023-05-20 13:15:17'),
(86, 86, 86, '2023-05-20 13:15:17', '2023-05-20 13:15:17'),
(87, 87, 87, '2023-05-20 13:15:17', '2023-05-20 13:15:17'),
(88, 88, 88, '2023-05-20 13:15:17', '2023-05-20 13:15:17'),
(89, 89, 89, '2023-05-20 13:15:17', '2023-05-20 13:15:17'),
(90, 90, 90, '2023-05-20 13:15:17', '2023-05-20 13:15:17'),
(91, 91, 91, '2023-05-20 13:15:17', '2023-05-20 13:15:17'),
(92, 92, 92, '2023-05-20 13:15:17', '2023-05-20 13:15:17'),
(93, 93, 93, '2023-05-20 13:15:17', '2023-05-20 13:15:17'),
(94, 94, 94, '2023-05-20 13:15:17', '2023-05-20 13:15:17'),
(95, 95, 95, '2023-05-20 13:15:17', '2023-05-20 13:15:17'),
(96, 96, 96, '2023-05-20 13:15:17', '2023-05-20 13:15:17'),
(97, 97, 97, '2023-05-20 13:15:17', '2023-05-20 13:15:17'),
(98, 98, 98, '2023-05-20 13:15:17', '2023-05-20 13:15:17'),
(99, 99, 99, '2023-05-20 13:15:17', '2023-05-20 13:15:17'),
(100, 100, 100, '2023-05-20 13:15:17', '2023-05-20 13:15:17'),
(101, 2, 1, '2023-05-20 13:16:58', '2023-05-20 13:16:58'),
(102, 3, 2, '2023-05-20 13:16:58', '2023-05-20 13:16:58'),
(103, 4, 3, '2023-05-20 13:16:58', '2023-05-20 13:16:58'),
(104, 5, 4, '2023-05-20 13:16:58', '2023-05-20 13:16:58'),
(105, 6, 5, '2023-05-20 13:16:58', '2023-05-20 13:16:58'),
(106, 7, 6, '2023-05-20 13:16:58', '2023-05-20 13:16:58'),
(107, 8, 7, '2023-05-20 13:16:58', '2023-05-20 13:16:58'),
(108, 9, 8, '2023-05-20 13:16:58', '2023-05-20 13:16:58'),
(109, 10, 9, '2023-05-20 13:16:58', '2023-05-20 13:16:58'),
(110, 11, 10, '2023-05-20 13:16:58', '2023-05-20 13:16:58'),
(111, 12, 11, '2023-05-20 13:16:58', '2023-05-20 13:16:58'),
(112, 13, 12, '2023-05-20 13:16:58', '2023-05-20 13:16:58'),
(113, 14, 13, '2023-05-20 13:16:58', '2023-05-20 13:16:58'),
(114, 15, 14, '2023-05-20 13:16:58', '2023-05-20 13:16:58'),
(115, 16, 15, '2023-05-20 13:16:58', '2023-05-20 13:16:58'),
(116, 17, 16, '2023-05-20 13:16:58', '2023-05-20 13:16:58'),
(117, 18, 17, '2023-05-20 13:16:58', '2023-05-20 13:16:58'),
(118, 19, 18, '2023-05-20 13:16:58', '2023-05-20 13:16:58'),
(119, 20, 19, '2023-05-20 13:16:58', '2023-05-20 13:16:58'),
(120, 21, 20, '2023-05-20 13:16:58', '2023-05-20 13:16:58'),
(121, 22, 21, '2023-05-20 13:16:58', '2023-05-20 13:16:58'),
(122, 23, 22, '2023-05-20 13:16:58', '2023-05-20 13:16:58'),
(123, 24, 23, '2023-05-20 13:16:58', '2023-05-20 13:16:58'),
(124, 25, 24, '2023-05-20 13:16:58', '2023-05-20 13:16:58'),
(125, 26, 25, '2023-05-20 13:16:58', '2023-05-20 13:16:58'),
(126, 27, 26, '2023-05-20 13:16:58', '2023-05-20 13:16:58'),
(127, 28, 27, '2023-05-20 13:16:58', '2023-05-20 13:16:58'),
(128, 29, 28, '2023-05-20 13:16:58', '2023-05-20 13:16:58'),
(129, 30, 29, '2023-05-20 13:16:58', '2023-05-20 13:16:58'),
(130, 31, 30, '2023-05-20 13:16:58', '2023-05-20 13:16:58'),
(131, 32, 31, '2023-05-20 13:16:58', '2023-05-20 13:16:58'),
(132, 33, 32, '2023-05-20 13:16:58', '2023-05-20 13:16:58'),
(133, 34, 33, '2023-05-20 13:16:58', '2023-05-20 13:16:58'),
(134, 35, 34, '2023-05-20 13:16:58', '2023-05-20 13:16:58'),
(135, 36, 35, '2023-05-20 13:16:58', '2023-05-20 13:16:58'),
(136, 37, 36, '2023-05-20 13:16:58', '2023-05-20 13:16:58'),
(137, 38, 37, '2023-05-20 13:16:58', '2023-05-20 13:16:58'),
(138, 39, 38, '2023-05-20 13:16:58', '2023-05-20 13:16:58'),
(139, 40, 39, '2023-05-20 13:16:58', '2023-05-20 13:16:58'),
(140, 41, 40, '2023-05-20 13:16:58', '2023-05-20 13:16:58'),
(141, 42, 41, '2023-05-20 13:16:58', '2023-05-20 13:16:58'),
(142, 43, 42, '2023-05-20 13:16:58', '2023-05-20 13:16:58'),
(143, 44, 43, '2023-05-20 13:16:58', '2023-05-20 13:16:58'),
(144, 45, 44, '2023-05-20 13:16:58', '2023-05-20 13:16:58'),
(145, 46, 45, '2023-05-20 13:16:58', '2023-05-20 13:16:58'),
(146, 47, 46, '2023-05-20 13:16:58', '2023-05-20 13:16:58'),
(147, 48, 47, '2023-05-20 13:16:58', '2023-05-20 13:16:58'),
(148, 49, 48, '2023-05-20 13:16:58', '2023-05-20 13:16:58'),
(149, 50, 49, '2023-05-20 13:16:58', '2023-05-20 13:16:58'),
(150, 51, 50, '2023-05-20 13:16:58', '2023-05-20 13:16:58'),
(151, 52, 51, '2023-05-20 13:16:58', '2023-05-20 13:16:58'),
(152, 53, 52, '2023-05-20 13:16:58', '2023-05-20 13:16:58'),
(153, 54, 53, '2023-05-20 13:16:58', '2023-05-20 13:16:58'),
(154, 55, 54, '2023-05-20 13:16:58', '2023-05-20 13:16:58'),
(155, 56, 55, '2023-05-20 13:16:58', '2023-05-20 13:16:58'),
(156, 57, 56, '2023-05-20 13:16:58', '2023-05-20 13:16:58'),
(157, 58, 57, '2023-05-20 13:16:58', '2023-05-20 13:16:58'),
(158, 59, 58, '2023-05-20 13:16:58', '2023-05-20 13:16:58'),
(159, 60, 59, '2023-05-20 13:16:58', '2023-05-20 13:16:58'),
(160, 61, 60, '2023-05-20 13:16:58', '2023-05-20 13:16:58'),
(161, 62, 61, '2023-05-20 13:16:58', '2023-05-20 13:16:58'),
(162, 63, 62, '2023-05-20 13:16:58', '2023-05-20 13:16:58'),
(163, 64, 63, '2023-05-20 13:16:58', '2023-05-20 13:16:58'),
(164, 65, 64, '2023-05-20 13:16:58', '2023-05-20 13:16:58'),
(165, 66, 65, '2023-05-20 13:16:58', '2023-05-20 13:16:58'),
(166, 67, 66, '2023-05-20 13:16:58', '2023-05-20 13:16:58'),
(167, 68, 67, '2023-05-20 13:16:58', '2023-05-20 13:16:58'),
(168, 69, 68, '2023-05-20 13:16:58', '2023-05-20 13:16:58'),
(169, 70, 69, '2023-05-20 13:16:58', '2023-05-20 13:16:58'),
(170, 71, 70, '2023-05-20 13:16:58', '2023-05-20 13:16:58'),
(171, 72, 71, '2023-05-20 13:16:58', '2023-05-20 13:16:58'),
(172, 73, 72, '2023-05-20 13:16:58', '2023-05-20 13:16:58'),
(173, 74, 73, '2023-05-20 13:16:58', '2023-05-20 13:16:58'),
(174, 75, 74, '2023-05-20 13:16:58', '2023-05-20 13:16:58'),
(175, 76, 75, '2023-05-20 13:16:58', '2023-05-20 13:16:58'),
(176, 77, 76, '2023-05-20 13:16:58', '2023-05-20 13:16:58'),
(177, 78, 77, '2023-05-20 13:16:58', '2023-05-20 13:16:58'),
(178, 79, 78, '2023-05-20 13:16:58', '2023-05-20 13:16:58'),
(179, 80, 79, '2023-05-20 13:16:58', '2023-05-20 13:16:58'),
(180, 81, 80, '2023-05-20 13:16:58', '2023-05-20 13:16:58'),
(181, 82, 81, '2023-05-20 13:16:58', '2023-05-20 13:16:58'),
(182, 83, 82, '2023-05-20 13:16:58', '2023-05-20 13:16:58'),
(183, 84, 83, '2023-05-20 13:16:58', '2023-05-20 13:16:58'),
(184, 85, 84, '2023-05-20 13:16:58', '2023-05-20 13:16:58'),
(185, 86, 85, '2023-05-20 13:16:58', '2023-05-20 13:16:58'),
(186, 87, 86, '2023-05-20 13:16:58', '2023-05-20 13:16:58'),
(187, 88, 87, '2023-05-20 13:16:58', '2023-05-20 13:16:58'),
(188, 89, 88, '2023-05-20 13:16:58', '2023-05-20 13:16:58'),
(189, 90, 89, '2023-05-20 13:16:58', '2023-05-20 13:16:58'),
(190, 91, 90, '2023-05-20 13:16:58', '2023-05-20 13:16:58'),
(191, 92, 91, '2023-05-20 13:16:58', '2023-05-20 13:16:58'),
(192, 93, 92, '2023-05-20 13:16:58', '2023-05-20 13:16:58'),
(193, 94, 93, '2023-05-20 13:16:58', '2023-05-20 13:16:58'),
(194, 95, 94, '2023-05-20 13:16:58', '2023-05-20 13:16:58'),
(195, 96, 95, '2023-05-20 13:16:58', '2023-05-20 13:16:58'),
(196, 97, 96, '2023-05-20 13:16:58', '2023-05-20 13:16:58'),
(197, 98, 97, '2023-05-20 13:16:58', '2023-05-20 13:16:58'),
(198, 99, 98, '2023-05-20 13:16:58', '2023-05-20 13:16:58'),
(199, 100, 99, '2023-05-20 13:16:58', '2023-05-20 13:16:58'),
(200, 1, 100, '2023-05-20 13:16:58', '2023-05-20 13:16:58'),
(201, 3, 1, '2023-05-20 13:18:58', '2023-05-20 13:18:58'),
(202, 4, 2, '2023-05-20 13:18:58', '2023-05-20 13:18:58'),
(203, 5, 3, '2023-05-20 13:18:58', '2023-05-20 13:18:58'),
(204, 6, 4, '2023-05-20 13:18:58', '2023-05-20 13:18:58'),
(205, 7, 5, '2023-05-20 13:18:58', '2023-05-20 13:18:58'),
(206, 8, 6, '2023-05-20 13:18:58', '2023-05-20 13:18:58'),
(207, 9, 7, '2023-05-20 13:18:58', '2023-05-20 13:18:58'),
(208, 10, 8, '2023-05-20 13:18:58', '2023-05-20 13:18:58'),
(209, 11, 9, '2023-05-20 13:18:58', '2023-05-20 13:18:58'),
(210, 12, 10, '2023-05-20 13:18:58', '2023-05-20 13:18:58'),
(211, 13, 11, '2023-05-20 13:18:58', '2023-05-20 13:18:58'),
(212, 14, 12, '2023-05-20 13:18:58', '2023-05-20 13:18:58'),
(213, 15, 13, '2023-05-20 13:18:58', '2023-05-20 13:18:58'),
(214, 16, 14, '2023-05-20 13:18:58', '2023-05-20 13:18:58'),
(215, 17, 15, '2023-05-20 13:18:58', '2023-05-20 13:18:58'),
(216, 18, 16, '2023-05-20 13:18:58', '2023-05-20 13:18:58'),
(217, 19, 17, '2023-05-20 13:18:58', '2023-05-20 13:18:58'),
(218, 20, 18, '2023-05-20 13:18:58', '2023-05-20 13:18:58'),
(219, 21, 19, '2023-05-20 13:18:58', '2023-05-20 13:18:58'),
(220, 22, 20, '2023-05-20 13:18:58', '2023-05-20 13:18:58'),
(221, 23, 21, '2023-05-20 13:18:58', '2023-05-20 13:18:58'),
(222, 24, 22, '2023-05-20 13:18:58', '2023-05-20 13:18:58'),
(223, 25, 23, '2023-05-20 13:18:58', '2023-05-20 13:18:58'),
(224, 26, 24, '2023-05-20 13:18:58', '2023-05-20 13:18:58'),
(225, 27, 25, '2023-05-20 13:18:58', '2023-05-20 13:18:58'),
(226, 28, 26, '2023-05-20 13:18:58', '2023-05-20 13:18:58'),
(227, 29, 27, '2023-05-20 13:18:58', '2023-05-20 13:18:58'),
(228, 30, 28, '2023-05-20 13:18:58', '2023-05-20 13:18:58'),
(229, 31, 29, '2023-05-20 13:18:58', '2023-05-20 13:18:58'),
(230, 32, 30, '2023-05-20 13:18:58', '2023-05-20 13:18:58'),
(231, 33, 31, '2023-05-20 13:18:58', '2023-05-20 13:18:58'),
(232, 34, 32, '2023-05-20 13:18:58', '2023-05-20 13:18:58'),
(233, 35, 33, '2023-05-20 13:18:58', '2023-05-20 13:18:58'),
(234, 36, 34, '2023-05-20 13:18:58', '2023-05-20 13:18:58'),
(235, 37, 35, '2023-05-20 13:18:58', '2023-05-20 13:18:58'),
(236, 38, 36, '2023-05-20 13:18:58', '2023-05-20 13:18:58'),
(237, 39, 37, '2023-05-20 13:18:58', '2023-05-20 13:18:58'),
(238, 40, 38, '2023-05-20 13:18:58', '2023-05-20 13:18:58'),
(239, 41, 39, '2023-05-20 13:18:58', '2023-05-20 13:18:58'),
(240, 42, 40, '2023-05-20 13:18:58', '2023-05-20 13:18:58'),
(241, 43, 41, '2023-05-20 13:18:58', '2023-05-20 13:18:58'),
(242, 44, 42, '2023-05-20 13:18:58', '2023-05-20 13:18:58'),
(243, 45, 43, '2023-05-20 13:18:58', '2023-05-20 13:18:58'),
(244, 46, 44, '2023-05-20 13:18:58', '2023-05-20 13:18:58'),
(245, 47, 45, '2023-05-20 13:18:58', '2023-05-20 13:18:58'),
(246, 48, 46, '2023-05-20 13:18:58', '2023-05-20 13:18:58'),
(247, 49, 47, '2023-05-20 13:18:58', '2023-05-20 13:18:58'),
(248, 50, 48, '2023-05-20 13:18:58', '2023-05-20 13:18:58'),
(249, 51, 49, '2023-05-20 13:18:58', '2023-05-20 13:18:58'),
(250, 52, 50, '2023-05-20 13:18:58', '2023-05-20 13:18:58'),
(251, 53, 51, '2023-05-20 13:18:58', '2023-05-20 13:18:58'),
(252, 54, 52, '2023-05-20 13:18:58', '2023-05-20 13:18:58'),
(253, 55, 53, '2023-05-20 13:18:58', '2023-05-20 13:18:58'),
(254, 56, 54, '2023-05-20 13:18:58', '2023-05-20 13:18:58'),
(255, 57, 55, '2023-05-20 13:18:58', '2023-05-20 13:18:58'),
(256, 58, 56, '2023-05-20 13:18:58', '2023-05-20 13:18:58'),
(257, 59, 57, '2023-05-20 13:18:58', '2023-05-20 13:18:58'),
(258, 60, 58, '2023-05-20 13:18:58', '2023-05-20 13:18:58'),
(259, 61, 59, '2023-05-20 13:18:58', '2023-05-20 13:18:58'),
(260, 62, 60, '2023-05-20 13:18:58', '2023-05-20 13:18:58'),
(261, 63, 61, '2023-05-20 13:18:58', '2023-05-20 13:18:58'),
(262, 64, 62, '2023-05-20 13:18:58', '2023-05-20 13:18:58'),
(263, 65, 63, '2023-05-20 13:18:58', '2023-05-20 13:18:58'),
(264, 66, 64, '2023-05-20 13:18:58', '2023-05-20 13:18:58'),
(265, 67, 65, '2023-05-20 13:18:58', '2023-05-20 13:18:58'),
(266, 68, 66, '2023-05-20 13:18:58', '2023-05-20 13:18:58'),
(267, 69, 67, '2023-05-20 13:18:58', '2023-05-20 13:18:58'),
(268, 70, 68, '2023-05-20 13:18:58', '2023-05-20 13:18:58'),
(269, 71, 69, '2023-05-20 13:18:58', '2023-05-20 13:18:58'),
(270, 72, 70, '2023-05-20 13:18:58', '2023-05-20 13:18:58'),
(271, 73, 71, '2023-05-20 13:18:58', '2023-05-20 13:18:58'),
(272, 74, 72, '2023-05-20 13:18:58', '2023-05-20 13:18:58'),
(273, 75, 73, '2023-05-20 13:18:58', '2023-05-20 13:18:58'),
(274, 76, 74, '2023-05-20 13:18:58', '2023-05-20 13:18:58'),
(275, 77, 75, '2023-05-20 13:18:58', '2023-05-20 13:18:58'),
(276, 78, 76, '2023-05-20 13:18:58', '2023-05-20 13:18:58'),
(277, 79, 77, '2023-05-20 13:18:58', '2023-05-20 13:18:58'),
(278, 80, 78, '2023-05-20 13:18:58', '2023-05-20 13:18:58'),
(279, 81, 79, '2023-05-20 13:18:58', '2023-05-20 13:18:58'),
(280, 82, 80, '2023-05-20 13:18:58', '2023-05-20 13:18:58'),
(281, 83, 81, '2023-05-20 13:18:58', '2023-05-20 13:18:58'),
(282, 84, 82, '2023-05-20 13:18:58', '2023-05-20 13:18:58'),
(283, 85, 83, '2023-05-20 13:18:58', '2023-05-20 13:18:58'),
(284, 86, 84, '2023-05-20 13:18:58', '2023-05-20 13:18:58'),
(285, 87, 85, '2023-05-20 13:18:58', '2023-05-20 13:18:58'),
(286, 88, 86, '2023-05-20 13:18:58', '2023-05-20 13:18:58'),
(287, 89, 87, '2023-05-20 13:18:58', '2023-05-20 13:18:58'),
(288, 90, 88, '2023-05-20 13:18:58', '2023-05-20 13:18:58'),
(289, 91, 89, '2023-05-20 13:18:58', '2023-05-20 13:18:58'),
(290, 92, 90, '2023-05-20 13:18:58', '2023-05-20 13:18:58'),
(291, 93, 91, '2023-05-20 13:18:58', '2023-05-20 13:18:58'),
(292, 94, 92, '2023-05-20 13:18:58', '2023-05-20 13:18:58'),
(293, 95, 93, '2023-05-20 13:18:58', '2023-05-20 13:18:58'),
(294, 96, 94, '2023-05-20 13:18:58', '2023-05-20 13:18:58'),
(295, 97, 95, '2023-05-20 13:18:58', '2023-05-20 13:18:58'),
(296, 98, 96, '2023-05-20 13:18:58', '2023-05-20 13:18:58'),
(297, 99, 97, '2023-05-20 13:18:58', '2023-05-20 13:18:58'),
(298, 100, 98, '2023-05-20 13:18:58', '2023-05-20 13:18:58'),
(299, 1, 99, '2023-05-20 13:18:58', '2023-05-20 13:18:58'),
(300, 2, 100, '2023-05-20 13:18:58', '2023-05-20 13:18:58');

-- --------------------------------------------------------

--
-- Table structure for table `orders`
--

CREATE TABLE `orders` (
  `id` int(11) NOT NULL,
  `order_number` varchar(255) NOT NULL,
  `note` text NOT NULL,
  `tax` tinyint(3) UNSIGNED NOT NULL,
  `shipping_fee` smallint(5) UNSIGNED NOT NULL,
  `discount` tinyint(3) UNSIGNED NOT NULL,
  `order_status` varchar(255) NOT NULL,
  `payment_status` varchar(255) NOT NULL,
  `created_at` timestamp NOT NULL DEFAULT current_timestamp(),
  `updated_at` timestamp NOT NULL DEFAULT current_timestamp() ON UPDATE current_timestamp(),
  `user_id` int(11) NOT NULL
) ENGINE=InnoDB DEFAULT CHARSET=utf8mb4 COLLATE=utf8mb4_general_ci;

--
-- Dumping data for table `orders`
--

INSERT INTO `orders` (`id`, `order_number`, `note`, `tax`, `shipping_fee`, `discount`, `order_status`, `payment_status`, `created_at`, `updated_at`, `user_id`) VALUES
(1, '168459321925656468da433e9fa478452207', 'Voluptatum nobis illum nulla. Beatae id quaerat culpa eaque molestias hic temporibus necessitatibus harum. Doloribus ipsam illum laboriosam perferendis occaecati voluptas quae quisquam. Pariatur optio quae in vitae. Quaerat voluptates officiis magni veritatis praesentium ad.', 15, 15, 20, 'Pending', 'Pending', '2023-05-20 14:33:39', '2023-05-20 14:33:39', 1),
(2, '16845932192616468da433fb64303562281', 'Dignissimos dolorem asperiores consequatur similique animi amet qui. Est omnis assumenda adipisci mollitia maiores. Animi officiis incidunt officiis dolorum doloremque quam enim. Commodi eius ullam. Eligendi odio quae dolorem quia earum et. Aspernatur minus delectus ab dolorum sit tenetur aut.', 15, 15, 20, 'Pending', 'Pending', '2023-05-20 14:33:39', '2023-05-20 14:33:39', 2),
(3, '168459321926686468da4341265858358868', 'Necessitatibus adipisci totam facere. Aut saepe provident cumque quas culpa aliquid. Perspiciatis delectus sed corrupti nesciunt accusantium maxime.', 15, 15, 20, 'Pending', 'Pending', '2023-05-20 14:33:39', '2023-05-20 14:33:39', 3),
(4, '168459321927086468da43421d9447136847', 'Quibusdam hic velit sed nihil occaecati eum aut aspernatur. Accusantium occaecati aspernatur. Delectus libero quibusdam ipsam quis perspiciatis libero. Odio voluptas architecto ipsum. Veritatis accusamus vel magni praesentium recusandae.', 15, 15, 20, 'Pending', 'Pending', '2023-05-20 14:33:39', '2023-05-20 14:33:39', 4),
(5, '168459321927376468da4342d1d956015288', 'Pariatur asperiores suscipit illo nisi unde quidem. Odit praesentium libero repellendus esse explicabo dignissimos. Illo neque ipsa earum dolorum rerum occaecati repellendus. Libero inventore dicta doloremque repellendus. Veniam reprehenderit doloribus excepturi quis perferendis.', 15, 15, 20, 'Pending', 'Pending', '2023-05-20 14:33:39', '2023-05-20 14:33:39', 5),
(6, '168459321927616468da434367a441175128', 'Ea culpa enim ducimus illo veniam similique minus. Hic alias illo laboriosam quas expedita quasi. Iusto dicta esse iste aliquam accusamus quos reiciendis quae quidem.', 15, 15, 20, 'Pending', 'Pending', '2023-05-20 14:33:39', '2023-05-20 14:33:39', 6),
(7, '168459321927856468da4344000183356483', 'Sit suscipit itaque dolorem dignissimos fugit necessitatibus fugit. Repellendus nobis non nemo sunt. Molestias delectus architecto nulla itaque veniam molestias officia. Quos eveniet voluptates dolorem neque architecto dolore numquam dicta qui. Cupiditate odit dolorem fugiat ipsam molestiae rem deleniti dicta.', 15, 15, 20, 'Pending', 'Pending', '2023-05-20 14:33:39', '2023-05-20 14:33:39', 7),
(8, '168459321928166468da4344c26885255627', 'Magnam doloribus iure voluptates sequi excepturi. Esse ipsam facere omnis. Id quis natus iure qui ipsa ratione.', 15, 15, 20, 'Pending', 'Pending', '2023-05-20 14:33:39', '2023-05-20 14:33:39', 8),
(9, '16845932192846468da4345544641277677', 'Voluptates eligendi est sed. Occaecati neque illo asperiores. Est pariatur recusandae cumque saepe eius itaque. Eligendi quod unde natus sequi quaerat exercitationem voluptate debitis quod. Autem earum accusamus ducimus. Perferendis vero quod maxime veritatis error adipisci saepe corporis.', 15, 15, 20, 'Pending', 'Pending', '2023-05-20 14:33:39', '2023-05-20 14:33:39', 9),
(10, '168459321928726468da43461f2967069870', 'Ut neque mollitia aspernatur. Velit earum ad temporibus consequuntur. Culpa id nesciunt eligendi repudiandae.', 15, 15, 20, 'Pending', 'Pending', '2023-05-20 14:33:39', '2023-05-20 14:33:39', 10),
(11, '168459321928976468da4346b9f619480138', 'Harum sed aliquid harum. Quasi ab nihil. Dolorem ea in sequi est.', 15, 15, 20, 'Pending', 'Pending', '2023-05-20 14:33:39', '2023-05-20 14:33:39', 11),
(12, '168459321929216468da4347525389768564', 'Harum voluptate sint quo odit nisi impedit iure praesentium. Minima nobis eius id consequuntur possimus non rerum. Nostrum aspernatur non vitae aliquid unde iure veritatis harum.', 15, 15, 20, 'Pending', 'Pending', '2023-05-20 14:33:39', '2023-05-20 14:33:39', 12),
(13, '168459321929546468da434821f236044931', 'Asperiores cum minima exercitationem incidunt. Facere saepe reiciendis harum optio debitis fugit. Officia dolorum corporis veniam alias praesentium dignissimos consectetur deserunt. Facere vel exercitationem iusto nulla expedita mollitia voluptate ut. Totam in molestiae.', 15, 15, 20, 'Pending', 'Pending', '2023-05-20 14:33:39', '2023-05-20 14:33:39', 13),
(14, '168459321929766468da4348a88022467347', 'Occaecati repellat modi suscipit reiciendis exercitationem quo unde. Delectus tempore nesciunt sapiente. Sapiente hic iusto. Ex non ad numquam mollitia repellendus perferendis doloribus. Laudantium quos impedit eum.', 15, 15, 20, 'Pending', 'Pending', '2023-05-20 14:33:39', '2023-05-20 14:33:39', 14),
(15, '168459321930026468da43494a1336722958', 'Non exercitationem iure necessitatibus maiores voluptatem neque. Deleniti hic illum blanditiis quod quas veritatis dolor amet veniam. Earum vitae similique eveniet voluptates tenetur illum sit unde et. Quas dolor ipsam unde minima.', 15, 15, 20, 'Pending', 'Pending', '2023-05-20 14:33:39', '2023-05-20 14:33:39', 15),
(16, '168459321930276468da4349e99292198165', 'Commodi unde quod alias dolorem nihil. Nulla omnis blanditiis illo. Molestias totam occaecati commodi quam asperiores impedit beatae reiciendis. Ea architecto aspernatur quis. In explicabo sunt eum ab veniam pariatur neque quam.', 15, 15, 20, 'Pending', 'Pending', '2023-05-20 14:33:39', '2023-05-20 14:33:39', 16),
(17, '168459321930476468da434a65a280866810', 'A similique voluptas fugiat. Est delectus voluptatum modi architecto sit. Dignissimos officia veritatis voluptate.', 15, 15, 20, 'Pending', 'Pending', '2023-05-20 14:33:39', '2023-05-20 14:33:39', 17),
(18, '16845932193076468da434af63759537443', 'Ut deleniti amet numquam. Excepturi nostrum officia dolores temporibus optio fugit ratione. Sequi fugiat voluptates recusandae expedita quae quaerat pariatur. Explicabo maxime sed animi praesentium.', 15, 15, 20, 'Pending', 'Pending', '2023-05-20 14:33:39', '2023-05-20 14:33:39', 18),
(19, '1684593219316468da434bae3489860384', 'Officiis voluptate earum fugit ullam expedita odio quidem animi recusandae. Nisi sit reiciendis vero. Nemo voluptate similique corporis. Nemo aliquid sint nulla illo non omnis. Facilis consequuntur ea.', 15, 15, 20, 'Pending', 'Pending', '2023-05-20 14:33:39', '2023-05-20 14:33:39', 19),
(20, '168459321931266468da434c50d572582831', 'Vitae accusamus cumque tempora dicta. Omnis laudantium corrupti porro nulla minima harum ab. Similique laudantium atque. Suscipit et aspernatur eius deleniti deserunt. At magnam impedit itaque quia modi.', 15, 15, 20, 'Pending', 'Pending', '2023-05-20 14:33:39', '2023-05-20 14:33:39', 20),
(21, '168459321931546468da434d00c987323005', 'Eligendi eum quam quam id tempora expedita incidunt. Eaque dolores cumque aliquam accusantium enim voluptatibus laboriosam. Dolores perspiciatis dolorum cupiditate nam dolorem vero eaque.', 15, 15, 20, 'Pending', 'Pending', '2023-05-20 14:33:39', '2023-05-20 14:33:39', 21),
(22, '168459321931816468da434da7f009252269', 'Cum iusto voluptate labore pariatur ex nam amet nostrum. Consequuntur consequatur aliquid amet et at voluptatibus. Atque perferendis dolor a commodi dolor mollitia.', 15, 15, 20, 'Pending', 'Pending', '2023-05-20 14:33:39', '2023-05-20 14:33:39', 22),
(23, '168459321932026468da434e2ce981247170', 'Porro quisquam quas dolore occaecati perspiciatis voluptatum voluptas. Voluptatum ea blanditiis. Quisquam dicta nostrum culpa. Qui sunt minus earum autem consectetur at. Ab corrupti quibusdam laudantium. Odit doloribus quas voluptatibus.', 15, 15, 20, 'Pending', 'Pending', '2023-05-20 14:33:39', '2023-05-20 14:33:39', 23),
(24, '16845932193236468da434edcc127946103', 'Porro est quam vitae molestias debitis neque molestias nostrum. Explicabo aliquam soluta. Cumque et ea cum. Debitis impedit nostrum architecto. Voluptatum qui possimus nobis sint libero minima.', 15, 15, 20, 'Pending', 'Pending', '2023-05-20 14:33:39', '2023-05-20 14:33:39', 24),
(25, '168459321932566468da434f7ba434582626', 'Inventore expedita architecto nisi modi molestias aut minus quis. Alias dolorum expedita facilis distinctio ipsa nemo natus incidunt. Consequatur in alias ratione eaque animi aspernatur.', 15, 15, 20, 'Pending', 'Pending', '2023-05-20 14:33:39', '2023-05-20 14:33:39', 25),
(26, '168459321932886468da4350487095894172', 'Praesentium corrupti odit ea. Perspiciatis quaerat deleniti aspernatur placeat iste quam aut autem. Porro asperiores eos a quo molestias cum illum asperiores magnam. Unde commodi corporis totam.', 15, 15, 20, 'Pending', 'Pending', '2023-05-20 14:33:39', '2023-05-20 14:33:39', 26),
(27, '168459321933116468da4350d48054966632', 'Sit aperiam vero quos culpa nesciunt qui repellat. Fugiat alias quidem quis dolorem in aperiam. Pariatur commodi incidunt impedit. Magni minima ratione exercitationem vel.', 15, 15, 20, 'Pending', 'Pending', '2023-05-20 14:33:39', '2023-05-20 14:33:39', 27),
(28, '168459321933346468da435167e496107501', 'Inventore laboriosam quod quasi. Enim aliquam nihil sint sit magnam sunt. Ex tenetur voluptatibus perspiciatis nesciunt a soluta. Consequatur sit temporibus ea.', 15, 15, 20, 'Pending', 'Pending', '2023-05-20 14:33:39', '2023-05-20 14:33:39', 28),
(29, '168459321933616468da43520b8531486502', 'Id similique reprehenderit rem laboriosam tempora officia repudiandae rerum. Nulla quam tenetur ratione nam minus iusto cum. Distinctio quia iste quibusdam quas totam sit. Aperiam repudiandae sunt minus fugiat vero animi animi sapiente saepe.', 15, 15, 20, 'Pending', 'Pending', '2023-05-20 14:33:39', '2023-05-20 14:33:39', 29),
(30, '16845932193386468da435285e834563749', 'Illo explicabo impedit. Impedit adipisci ut sed libero quibusdam deleniti officiis. Debitis optio quo porro quas cupiditate ab ex. Qui ex ipsum sint impedit totam libero vel sequi ipsum.', 15, 15, 20, 'Pending', 'Pending', '2023-05-20 14:33:39', '2023-05-20 14:33:39', 30),
(31, '168459321934046468da4353192582809406', 'Vitae ipsam ipsa in. Repellendus consequatur saepe laboriosam mollitia at quisquam. Aliquam laudantium sequi facilis omnis. Soluta provident nihil aut. Quos sit dolor facilis reprehenderit minima occaecati blanditiis. Praesentium debitis dignissimos unde laudantium.', 15, 15, 20, 'Pending', 'Pending', '2023-05-20 14:33:39', '2023-05-20 14:33:39', 31),
(32, '168459321934276468da4353abe427838683', 'Officiis corrupti nisi sed. Possimus repellendus ipsum sapiente at necessitatibus illum. Neque assumenda voluptatibus. Iste aliquam fugiat explicabo doloribus accusantium. Laboriosam eligendi magni molestiae. Voluptatibus quas cupiditate libero soluta perferendis voluptas ab.', 15, 15, 20, 'Pending', 'Pending', '2023-05-20 14:33:39', '2023-05-20 14:33:39', 32),
(33, '168459321934486468da43542b5683559716', 'Esse iure eveniet. Asperiores illo quis iste omnis accusantium qui facilis soluta cum. Repellat natus error animi tempore assumenda.', 15, 15, 20, 'Pending', 'Pending', '2023-05-20 14:33:39', '2023-05-20 14:33:39', 33),
(34, '168459321934676468da4354a43095397439', 'Vel quae eius maxime soluta dolorem labore sequi. Officiis sapiente provident et assumenda magnam ipsam ipsam itaque. Explicabo ratione et autem alias ipsum inventore.', 15, 15, 20, 'Pending', 'Pending', '2023-05-20 14:33:39', '2023-05-20 14:33:39', 34),
(35, '168459321934946468da43554c7857220726', 'Molestias dolor odio ea modi molestias. Alias modi consectetur. Eum enim repellendus sapiente reiciendis in ea ab. Est modi inventore veniam. Voluptatibus laudantium dicta dignissimos deleniti rerum odio rerum aperiam.', 15, 15, 20, 'Pending', 'Pending', '2023-05-20 14:33:39', '2023-05-20 14:33:39', 35),
(36, '168459321935146468da4355cb8246837140', 'Tempore nihil tempore dolorem iusto doloremque expedita placeat adipisci eveniet. Temporibus ut illo. Est cum rerum fugiat aliquid perspiciatis dignissimos.', 15, 15, 20, 'Pending', 'Pending', '2023-05-20 14:33:39', '2023-05-20 14:33:39', 36),
(37, '168459321935366468da4356531518267461', 'Tempora accusamus fugit recusandae ullam iusto aut nesciunt voluptate labore. Consequatur aut vero officia. Quisquam numquam deserunt alias natus dicta officiis. Illum quos saepe. Rerum praesentium voluptatem.', 15, 15, 20, 'Pending', 'Pending', '2023-05-20 14:33:39', '2023-05-20 14:33:39', 37),
(38, '168459321935646468da4357014241691405', 'Neque nobis tempora animi esse sunt. Velit repudiandae ipsum eligendi saepe. Earum omnis in harum voluptate tempore accusantium fugit sint. Voluptate perspiciatis debitis assumenda fugiat incidunt nemo eaque ut voluptate. Quam reprehenderit accusamus nostrum fugiat.', 15, 15, 20, 'Pending', 'Pending', '2023-05-20 14:33:39', '2023-05-20 14:33:39', 38),
(39, '168459321935846468da4357810417190456', 'Similique veritatis ab autem eaque doloribus ea iste totam quis. Architecto tempore excepturi unde sint impedit quis nam rem autem. Culpa optio non. Quas blanditiis alias amet dolorum libero. Aspernatur quam reprehenderit voluptatum sunt in eaque rerum. Qui deserunt tempora sequi.', 15, 15, 20, 'Pending', 'Pending', '2023-05-20 14:33:39', '2023-05-20 14:33:39', 39),
(40, '168459321936036468da4357f6f835364650', 'Modi quae blanditiis minus et sequi ducimus. Ullam dicta itaque fugiat quod explicabo tempore architecto. Ipsa quo ratione unde voluptas. Nesciunt asperiores aperiam unde eius nobis voluptate. Accusantium ab dolorem exercitationem sequi numquam provident aspernatur iure officia. Perspiciatis necessitatibus voluptas esse.', 15, 15, 20, 'Pending', 'Pending', '2023-05-20 14:33:39', '2023-05-20 14:33:39', 40),
(41, '168459321936246468da43587b2346768153', 'Facilis delectus animi id asperiores possimus eaque maxime illo labore. Illum cum molestias. Sapiente alias soluta. Aliquid perspiciatis qui nostrum neque. Rem ducimus minus optio reiciendis et similique reiciendis. Laboriosam eius suscipit rerum.', 15, 15, 20, 'Pending', 'Pending', '2023-05-20 14:33:39', '2023-05-20 14:33:39', 41),
(42, '168459321936486468da43590f1686135354', 'Temporibus dolorem et. Quo dolore ut a velit hic cumque. Fugit id dignissimos cum fugiat autem nisi blanditiis sequi similique. In aliquam sunt neque fugiat odit ab. Commodi debitis nostrum voluptates quia tempore.', 15, 15, 20, 'Pending', 'Pending', '2023-05-20 14:33:39', '2023-05-20 14:33:39', 42),
(43, '168459321936676468da4359854829480551', 'Sint consequuntur odit possimus nesciunt dolorem nam sequi mollitia occaecati. Sint reiciendis dicta tempora repellendus ad vel nostrum. Alias veritatis eos provident cum voluptates fuga quaerat dolore quo. Aliquid inventore dolorem error nam assumenda explicabo. Reprehenderit esse blanditiis aut doloribus natus expedita aperiam quia. Dolore accusantium neque eos ex necessitatibus.', 15, 15, 20, 'Pending', 'Pending', '2023-05-20 14:33:39', '2023-05-20 14:33:39', 43),
(44, '16845932193696468da435a141507715142', 'In dolorem quidem commodi quas error modi. Fuga aliquid quidem. Atque voluptates laborum tempore asperiores temporibus excepturi tempora at necessitatibus.', 15, 15, 20, 'Pending', 'Pending', '2023-05-20 14:33:39', '2023-05-20 14:33:39', 44),
(45, '168459321937216468da435ad85535979229', 'Assumenda illum minima rerum facilis quas quam molestiae autem. Architecto provident dignissimos quod culpa fugiat quibusdam qui. Illum voluptatibus quia excepturi perferendis esse cupiditate. Ipsa ea molestias laborum culpa beatae tempora enim rem.', 15, 15, 20, 'Pending', 'Pending', '2023-05-20 14:33:39', '2023-05-20 14:33:39', 45),
(46, '168459321937456468da435b70d066238257', 'At necessitatibus neque laborum dolorem. At magni laboriosam recusandae ipsum saepe atque aliquam sed occaecati. Vel eos ab architecto minus nostrum magni expedita dolorem ipsa. Vitae unde minima pariatur. Tenetur blanditiis illum explicabo quibusdam eaque.', 15, 15, 20, 'Pending', 'Pending', '2023-05-20 14:33:39', '2023-05-20 14:33:39', 46),
(47, '168459321937746468da435c229545994607', 'Iure aliquid porro deleniti. Odit expedita eligendi corrupti veniam fugiat. Rem enim excepturi quas dolorum ut omnis.', 15, 15, 20, 'Pending', 'Pending', '2023-05-20 14:33:39', '2023-05-20 14:33:39', 47),
(48, '168459321937946468da435c9f0483421123', 'Eum distinctio fuga ex et alias inventore quisquam eos laborum. Laboriosam facilis ducimus magnam voluptates sed blanditiis. Illum molestiae aliquid quos voluptate sit nobis quibusdam fuga. In minus debitis. Impedit consectetur quae eius recusandae deserunt quam corrupti dolore quia.', 15, 15, 20, 'Pending', 'Pending', '2023-05-20 14:33:39', '2023-05-20 14:33:39', 48),
(49, '168459321938146468da435d1f1580577126', 'Consequuntur placeat itaque quis eum libero iure fuga accusamus. In minima quaerat recusandae provident. Eum maxime veniam explicabo alias vel iusto deleniti.', 15, 15, 20, 'Pending', 'Pending', '2023-05-20 14:33:39', '2023-05-20 14:33:39', 49),
(50, '16845932193856468da435e011398552613', 'Veritatis harum ex. Voluptates iure inventore amet. Repellendus sunt sequi et aperiam. Iure nam labore officiis dolor magnam. Doloremque culpa dolorem voluptatibus corrupti maxime rem vero consequuntur.', 15, 15, 20, 'Pending', 'Pending', '2023-05-20 14:33:39', '2023-05-20 14:33:39', 50),
(51, '168459321938746468da435e935817132651', 'Sapiente laboriosam odit cum occaecati possimus neque aliquam. Provident assumenda aliquid doloremque. Aperiam ad dolor dolorem. Provident quos ex expedita quas vitae iure officiis nemo. Doloremque sit quod quo.', 15, 15, 20, 'Pending', 'Pending', '2023-05-20 14:33:39', '2023-05-20 14:33:39', 51),
(52, '168459321939066468da435f5a8372265790', 'Vero porro animi fugiat. Quis ex minus sunt. Exercitationem deserunt iure quidem magni.', 15, 15, 20, 'Pending', 'Pending', '2023-05-20 14:33:39', '2023-05-20 14:33:39', 52),
(53, '168459321939336468da4360034537057052', 'Saepe iste saepe aut eius ipsum. Ullam quam est dolorem libero. Ipsa accusamus id non fugit odio. Blanditiis in vitae.', 15, 15, 20, 'Pending', 'Pending', '2023-05-20 14:33:39', '2023-05-20 14:33:39', 53),
(54, '168459321939566468da4360986630643091', 'Delectus quidem inventore unde aut nesciunt minus suscipit ab. Tempore ad cumque mollitia ab corporis eius. Quasi fuga optio alias. Consequuntur impedit quia consequuntur laudantium minus cum. Nobis debitis dolor impedit illum corrupti.', 15, 15, 20, 'Pending', 'Pending', '2023-05-20 14:33:39', '2023-05-20 14:33:39', 54),
(55, '168459321939846468da4361476023681440', 'Repellat amet nihil doloremque numquam. Explicabo provident unde voluptatibus necessitatibus. Voluptas perferendis est nostrum cumque qui blanditiis aut. Quas cum quasi cupiditate. Eos impedit ratione earum dolore aliquid.', 15, 15, 20, 'Pending', 'Pending', '2023-05-20 14:33:39', '2023-05-20 14:33:39', 55),
(56, '16845932194016468da4361e58984364993', 'Dicta eius eos. Consequuntur nihil voluptatem tenetur corrupti aliquam. Nostrum nemo quo vel quam nobis. Quis unde architecto nemo quo. Rem nihil eum qui deserunt fuga voluptas eos. Fuga tempore recusandae.', 15, 15, 20, 'Pending', 'Pending', '2023-05-20 14:33:39', '2023-05-20 14:33:39', 56),
(57, '168459321940326468da436270f175852534', 'Asperiores dolorum doloremque earum iure molestiae nesciunt explicabo provident perspiciatis. Quisquam beatae vero dicta nobis repudiandae maxime alias deserunt amet. Nam ipsum sapiente. Harum ratione nesciunt totam. Veritatis in dolores quia culpa consequatur velit sint aut eaque. Qui quo tempora eligendi.', 15, 15, 20, 'Pending', 'Pending', '2023-05-20 14:33:39', '2023-05-20 14:33:39', 57),
(58, '168459321940656468da43633f8147809767', 'Ducimus reprehenderit labore nesciunt aspernatur velit fugiat in. Voluptas aliquid est dolores pariatur harum magni. Consequatur amet esse quia doloremque voluptas vitae necessitatibus quas. Ullam eaque quaerat. Magnam perferendis magnam neque dolore voluptatem itaque amet iusto.', 15, 15, 20, 'Pending', 'Pending', '2023-05-20 14:33:39', '2023-05-20 14:33:39', 58),
(59, '168459321940896468da4363d40540346767', 'Atque culpa exercitationem sapiente culpa temporibus impedit. Ad deserunt dolore id culpa itaque. Voluptatem earum maxime voluptas veritatis minima. Iure labore illo harum minus nemo architecto recusandae totam. Ea quasi possimus magni voluptatum.', 15, 15, 20, 'Pending', 'Pending', '2023-05-20 14:33:39', '2023-05-20 14:33:39', 59),
(60, '168459321941166468da43647e6591865167', 'Voluptatibus soluta ratione cumque assumenda mollitia nemo voluptatibus. Tenetur accusantium assumenda. Voluptates fugit a nesciunt quam. Hic exercitationem distinctio voluptatibus. Placeat architecto perferendis inventore laudantium quod recusandae sed.', 15, 15, 20, 'Pending', 'Pending', '2023-05-20 14:33:39', '2023-05-20 14:33:39', 60),
(61, '168459321941436468da4365278669431339', 'Nesciunt quos autem minima deleniti amet ullam. Aut facere quod quis recusandae nam explicabo ex mollitia. Culpa dolore dignissimos.', 15, 15, 20, 'Pending', 'Pending', '2023-05-20 14:33:39', '2023-05-20 14:33:39', 61),
(62, '168459321941676468da4365bd4185467731', 'Hic explicabo delectus aliquid assumenda voluptatem delectus est quam. Excepturi nulla iure nostrum. Placeat amet pariatur aliquam autem odio.', 15, 15, 20, 'Pending', 'Pending', '2023-05-20 14:33:39', '2023-05-20 14:33:39', 62),
(63, '168459321941946468da4366636033448481', 'Recusandae magni assumenda dolorem adipisci. Impedit corrupti expedita recusandae exercitationem cum. Perspiciatis iusto voluptas quidem.', 15, 15, 20, 'Pending', 'Pending', '2023-05-20 14:33:39', '2023-05-20 14:33:39', 63),
(64, '168459321942166468da4366f11458190262', 'Ratione laborum corporis impedit. Sed et necessitatibus saepe optio quidem rerum. Dolore ducimus doloremque illo facilis. Illo alias deserunt velit ipsa ratione saepe. Natus at repudiandae.', 15, 15, 20, 'Pending', 'Pending', '2023-05-20 14:33:39', '2023-05-20 14:33:39', 64),
(65, '168459321942376468da4367711503737179', 'Omnis adipisci velit reiciendis. Quia saepe labore autem. Facere odio esse cupiditate. Dolorem blanditiis quae.', 15, 15, 20, 'Pending', 'Pending', '2023-05-20 14:33:39', '2023-05-20 14:33:39', 65),
(66, '168459321942646468da436819b159782676', 'Velit deleniti nemo occaecati recusandae blanditiis asperiores eos in ipsam. Molestias aperiam adipisci velit commodi dolorum nihil numquam repellat dolor. Porro excepturi rerum sapiente. Incidunt officia praesentium cum harum.', 15, 15, 20, 'Pending', 'Pending', '2023-05-20 14:33:39', '2023-05-20 14:33:39', 66),
(67, '168459321942876468da4368a98722004710', 'Commodi dignissimos repudiandae quidem ipsa nam reiciendis sunt cupiditate. Inventore ratione blanditiis sequi laudantium. Repudiandae cum fugit nisi.', 15, 15, 20, 'Pending', 'Pending', '2023-05-20 14:33:39', '2023-05-20 14:33:39', 67),
(68, '168459321943086468da43692ce437467950', 'Expedita dolor nisi iste adipisci praesentium exercitationem porro cupiditate eius. Consectetur numquam fugit laboriosam. Ab adipisci pariatur accusantium non aperiam ipsam eos. Ratione quos vero aut illo ducimus voluptas minima labore.', 15, 15, 20, 'Pending', 'Pending', '2023-05-20 14:33:39', '2023-05-20 14:33:39', 68),
(69, '168459321943366468da4369dde291887572', 'Sint eaque dolores quisquam est error fuga quae architecto laudantium. Voluptate dolor consequuntur eum delectus maxime eaque dolorum reprehenderit dolore. Distinctio accusamus ratione laudantium fugiat tempore voluptate.', 15, 15, 20, 'Pending', 'Pending', '2023-05-20 14:33:39', '2023-05-20 14:33:39', 69),
(70, '168459321943596468da436a6c1252094001', 'Quo sapiente quo. Fugit nesciunt ea accusamus odit possimus. Quo minus itaque dicta dolores. Cupiditate temporibus asperiores unde dolores non tenetur. Praesentium in excepturi aspernatur libero modi ea provident.', 15, 15, 20, 'Pending', 'Pending', '2023-05-20 14:33:39', '2023-05-20 14:33:39', 70),
(71, '16845932194386468da436af0b566572158', 'Odit est corporis eius dolores autem ab ad praesentium assumenda. Beatae quae quidem. Cupiditate at corrupti recusandae. Repellat optio asperiores deleniti aliquam vel. Dolor ut deleniti.', 15, 15, 20, 'Pending', 'Pending', '2023-05-20 14:33:39', '2023-05-20 14:33:39', 71),
(72, '168459321944076468da436b955769981774', 'Magnam fuga et deserunt quidem eaque corporis velit assumenda occaecati. Maiores temporibus cumque tenetur facilis nostrum sit hic explicabo labore. Provident rerum corporis laboriosam qui voluptatem porro eos. Recusandae numquam debitis sapiente quis. Quia eveniet at aliquam veritatis. Numquam sunt tempore maxime.', 15, 15, 20, 'Pending', 'Pending', '2023-05-20 14:33:39', '2023-05-20 14:33:39', 72),
(73, '168459321944316468da436c2b0531627316', 'Eum possimus dolores veniam quisquam velit eum nesciunt corrupti. Earum aliquid provident eius asperiores molestias at nam. Dolore quia magnam deserunt occaecati possimus minus. Necessitatibus in voluptate officiis commodi. Inventore iure numquam doloribus impedit ullam.', 15, 15, 20, 'Pending', 'Pending', '2023-05-20 14:33:39', '2023-05-20 14:33:39', 73),
(74, '168459321944666468da436d05c659921206', 'Minus asperiores et id voluptates quas praesentium unde laborum itaque. Sequi harum pariatur mollitia amet. Error praesentium voluptates nostrum nostrum similique. Laudantium ex reiciendis voluptatum blanditiis laboriosam itaque. Excepturi delectus voluptates maxime.', 15, 15, 20, 'Pending', 'Pending', '2023-05-20 14:33:39', '2023-05-20 14:33:39', 74),
(75, '168459321944936468da436db39349550362', 'Molestias debitis rerum officiis incidunt laudantium. Vitae distinctio culpa porro facilis consequuntur repudiandae quae nemo quo. Reprehenderit voluptates ex culpa laboriosam explicabo quis delectus cupiditate adipisci. Labore corrupti repudiandae asperiores laboriosam non totam explicabo numquam iusto. Qui sapiente a eligendi.', 15, 15, 20, 'Pending', 'Pending', '2023-05-20 14:33:39', '2023-05-20 14:33:39', 75),
(76, '168459321945136468da436e2f3229442992', 'Officiis aspernatur earum quisquam ea animi nostrum enim. Consectetur nemo facilis. Sunt fuga quasi doloremque molestiae natus excepturi praesentium. Quod expedita autem est saepe cumque quam cumque. Quidem quam placeat placeat doloribus fuga fuga tenetur id ea.', 15, 15, 20, 'Pending', 'Pending', '2023-05-20 14:33:39', '2023-05-20 14:33:39', 76),
(77, '168459321945416468da436edb8596635032', 'Expedita maxime adipisci quibusdam quidem dolorum voluptates. Doloribus quia repellat repudiandae maxime corrupti ad non. Mollitia exercitationem eius totam necessitatibus earum ea qui.', 15, 15, 20, 'Pending', 'Pending', '2023-05-20 14:33:39', '2023-05-20 14:33:39', 77),
(78, '168459321945646468da436f6a3877997211', 'Reiciendis quidem est iure officiis ipsam nostrum earum facere. Nobis in dicta ex iusto hic consequuntur quae. Porro quas in totam ipsa impedit. Consequatur debitis commodi illum molestias sequi ipsam velit ab. Harum sed laudantium sequi excepturi fugiat illo minima.', 15, 15, 20, 'Pending', 'Pending', '2023-05-20 14:33:39', '2023-05-20 14:33:39', 78),
(79, '168459321945836468da436fe0d761793311', 'Quis voluptatum veritatis saepe reprehenderit. Earum dolorum ipsa saepe debitis quo quisquam quasi illum amet. Accusamus iure animi reprehenderit beatae eius debitis ipsum alias dolorem. Consequatur corporis tempore alias magnam itaque aliquid suscipit. At mollitia minima amet. Dolore facere sed.', 15, 15, 20, 'Pending', 'Pending', '2023-05-20 14:33:39', '2023-05-20 14:33:39', 79),
(80, '168459321946136468da4370a10337857447', 'Totam id dolor eaque itaque earum debitis. Voluptatem id hic voluptates deleniti nesciunt reiciendis. Illum non illo dolorum.', 15, 15, 20, 'Pending', 'Pending', '2023-05-20 14:33:39', '2023-05-20 14:33:39', 80),
(81, '168459321946376468da4371339652079804', 'Ipsa rerum ex facere nesciunt. Dolor aspernatur aperiam voluptates aperiam doloribus. Veritatis veritatis perferendis porro animi amet animi. Excepturi itaque occaecati possimus mollitia dolores. Deserunt perferendis sunt at. Aperiam enim voluptatibus soluta minus.', 15, 15, 20, 'Pending', 'Pending', '2023-05-20 14:33:39', '2023-05-20 14:33:39', 81),
(82, '168459321946596468da4371be2743966103', 'Optio doloribus repellat labore. Iusto pariatur iure aut dolores officiis quasi nam eligendi. Quod quibusdam dignissimos quos alias neque. Amet autem non voluptatibus officia placeat iusto reiciendis ut unde. Aliquid eius ipsam quae.', 15, 15, 20, 'Pending', 'Pending', '2023-05-20 14:33:39', '2023-05-20 14:33:39', 82),
(83, '168459321946866468da4372665637438110', 'Delectus quia magnam placeat dolorem neque. Velit inventore praesentium. Aliquid dolorem illum itaque eos autem officiis laboriosam dolorem. Suscipit exercitationem totam porro ad dolore qui.', 15, 15, 20, 'Pending', 'Pending', '2023-05-20 14:33:39', '2023-05-20 14:33:39', 83),
(84, '168459321947096468da4372f79637100312', 'Totam natus harum inventore perspiciatis quae. Voluptatibus fuga totam expedita deserunt distinctio quaerat officiis laborum quia. Corporis magnam expedita vero adipisci. Cupiditate blanditiis amet dicta nam.', 15, 15, 20, 'Pending', 'Pending', '2023-05-20 14:33:39', '2023-05-20 14:33:39', 84),
(85, '168459321947376468da4373a53194239758', 'Nesciunt aut occaecati fugiat. Quam doloribus nostrum repellat animi corporis. Maxime ullam repellendus earum necessitatibus magnam id deleniti debitis nemo. Quaerat pariatur vitae architecto nihil aliquam omnis nisi. Recusandae fuga porro dolore.', 15, 15, 20, 'Pending', 'Pending', '2023-05-20 14:33:39', '2023-05-20 14:33:39', 85),
(86, '168459321947626468da437445e140256644', 'Ad vitae tempora excepturi fugiat laudantium excepturi illo possimus voluptatum. Temporibus fugiat velit sunt quis dolor officiis quisquam neque. Totam voluptate similique cum dolorum. Facere fugit suscipit nisi consequuntur aliquid doloribus corrupti dolore.', 15, 15, 20, 'Pending', 'Pending', '2023-05-20 14:33:39', '2023-05-20 14:33:39', 86),
(87, '168459321947856468da4374d15833673092', 'Voluptas asperiores consectetur officiis consequuntur. Excepturi perferendis asperiores culpa officiis laboriosam blanditiis cum. Similique rerum maiores reprehenderit vitae magnam. Nam consectetur sapiente laborum aliquam veritatis delectus eaque.', 15, 15, 20, 'Pending', 'Pending', '2023-05-20 14:33:39', '2023-05-20 14:33:39', 87),
(88, '16845932194816468da43756dc526763465', 'Possimus culpa dolores laudantium aliquam non culpa esse. Nulla velit distinctio voluptas sit rem. Asperiores sint quasi. Error adipisci aliquam. Fugit in ullam quos repellat inventore voluptate.', 15, 15, 20, 'Pending', 'Pending', '2023-05-20 14:33:39', '2023-05-20 14:33:39', 88),
(89, '168459321948346468da437603c690882095', 'Alias voluptatem magnam pariatur dolores voluptatem vel modi. Delectus quis rem commodi dolorem ipsam facilis odit architecto. Quae praesentium tenetur harum nostrum quae. Commodi explicabo at ipsa numquam facere voluptatum.', 15, 15, 20, 'Pending', 'Pending', '2023-05-20 14:33:39', '2023-05-20 14:33:39', 89),
(90, '168459321948546468da4376800242550623', 'Officia deserunt quam et laborum ipsum vero quaerat. Nostrum occaecati quidem unde odit harum tempore nobis in. Distinctio nostrum aspernatur doloribus harum nihil nobis sunt architecto. Delectus voluptatum illum minus totam ab placeat sequi assumenda reprehenderit. Neque inventore aspernatur numquam voluptatibus assumenda. Voluptatem quasi sapiente quia consequatur assumenda odit quae dolore.', 15, 15, 20, 'Pending', 'Pending', '2023-05-20 14:33:39', '2023-05-20 14:33:39', 90),
(91, '168459321948786468da43771a9852434347', 'Nihil optio aspernatur labore ipsa suscipit accusantium quae aspernatur aut. Repellat veritatis nobis ipsa perspiciatis porro voluptas tenetur. Harum animi dolore ullam. Saepe eveniet dolorum. Saepe commodi fuga nulla. Quo eum deserunt esse assumenda veritatis fugit.', 15, 15, 20, 'Pending', 'Pending', '2023-05-20 14:33:39', '2023-05-20 14:33:39', 91),
(92, '168459321949036468da4377b42199287354', 'Blanditiis repellendus debitis eum iste praesentium dolor occaecati excepturi. Autem odit omnis beatae. Esse eligendi corrupti a quas animi. Modi laboriosam necessitatibus deserunt at voluptatem voluptate.', 15, 15, 20, 'Pending', 'Pending', '2023-05-20 14:33:39', '2023-05-20 14:33:39', 92),
(93, '168459321949246468da4378398171867236', 'Saepe beatae sequi magnam nemo aliquid esse est. Dicta suscipit nostrum quidem provident at aliquam reprehenderit explicabo. Doloremque eos tempora enim vitae nostrum consectetur temporibus voluptatem unde.', 15, 15, 20, 'Pending', 'Pending', '2023-05-20 14:33:39', '2023-05-20 14:33:39', 93),
(94, '168459321949546468da4378f0c799081038', 'Aut dolore magnam harum eos eveniet. Ipsa soluta beatae. Voluptatem maxime id temporibus asperiores iste iste. Nemo occaecati officiis placeat voluptas aliquam. Magni accusamus maxime dignissimos aliquam nesciunt. Dolorum sapiente incidunt et voluptate recusandae commodi possimus facilis vitae.', 15, 15, 20, 'Pending', 'Pending', '2023-05-20 14:33:39', '2023-05-20 14:33:39', 94),
(95, '168459321949776468da4379835958716339', 'Exercitationem facere nobis tempora placeat soluta ipsam quas ut reiciendis. Ipsum quos tempora tempora sequi. Nihil inventore doloribus eum dignissimos necessitatibus natus architecto ex. Eum sunt occaecati quo quasi velit vero. Similique dolore maxime a consectetur et.', 15, 15, 20, 'Pending', 'Pending', '2023-05-20 14:33:39', '2023-05-20 14:33:39', 95),
(96, '168459321949986468da437a06d499845456', 'Velit ex voluptates consectetur ipsum nihil maiores placeat illo dolore. Illum sapiente perspiciatis aliquam pariatur. Suscipit vero magnam a. Atque quas dolor.', 15, 15, 20, 'Pending', 'Pending', '2023-05-20 14:33:39', '2023-05-20 14:33:39', 96),
(97, '168459321950266468da437ab5d529322203', 'Porro rem doloremque praesentium veniam aliquam doloribus amet at aut. Voluptas incidunt inventore harum porro possimus. Veniam blanditiis quisquam impedit doloribus reiciendis accusantium sapiente nulla natus.', 15, 15, 20, 'Pending', 'Pending', '2023-05-20 14:33:39', '2023-05-20 14:33:39', 97),
(98, '168459321950536468da437b5d5088892160', 'Voluptates sit facilis recusandae saepe pariatur. Dolorem delectus beatae fugit nostrum sed est. Cupiditate vitae eligendi suscipit assumenda labore veritatis quod voluptas. Magnam quidem quod magni provident laboriosam molestiae corrupti consectetur veniam.', 15, 15, 20, 'Pending', 'Pending', '2023-05-20 14:33:39', '2023-05-20 14:33:39', 98),
(99, '168459321950786468da437bf8a221303243', 'Repellat aliquam sapiente explicabo nisi. Aliquam minima autem ab consequatur maiores possimus. Error nisi harum placeat.', 15, 15, 20, 'Pending', 'Pending', '2023-05-20 14:33:39', '2023-05-20 14:33:39', 99),
(100, '168459321951096468da437cbae019844225', 'Nobis ducimus earum tenetur debitis. At deserunt numquam. A officia earum tenetur.', 15, 15, 20, 'Pending', 'Pending', '2023-05-20 14:33:39', '2023-05-20 14:33:39', 100);

-- --------------------------------------------------------

--
-- Table structure for table `order_details`
--

CREATE TABLE `order_details` (
  `id` int(11) NOT NULL,
  `firstname` varchar(255) NOT NULL,
  `lastname` varchar(255) NOT NULL,
  `address_line_1` varchar(255) NOT NULL,
  `address_line_2` varchar(255) NOT NULL,
  `city` varchar(255) NOT NULL,
  `contact` varchar(255) NOT NULL,
  `order_id` int(11) NOT NULL
) ENGINE=InnoDB DEFAULT CHARSET=utf8mb4 COLLATE=utf8mb4_general_ci;

--
-- Dumping data for table `order_details`
--

INSERT INTO `order_details` (`id`, `firstname`, `lastname`, `address_line_1`, `address_line_2`, `city`, `contact`, `order_id`) VALUES
(5, 'Sandy', 'Parker', 'Koelpin Views', 'Suite 703', 'West Emeryfort', '09103900251', 1),
(6, 'Sandy', 'Bruen', 'Chanelle Motorway', 'Suite 257', 'Kennithtown', '09674233245', 2),
(7, 'Jamir', 'Conroy', 'Legros Cliff', 'Suite 376', 'Lake Wilmachester', '09225905383', 3),
(8, 'Marisa', 'Glover', 'Cormier Motorway', 'Apt. 040', 'East Joel', '09075670576', 4),
(9, 'Guadalupe', 'Mitchell', 'Crona Pine', 'Apt. 275', 'Hodkiewiczstead', '09357724399', 5),
(10, 'Edyth', 'Hayes', 'Mabelle Cliff', 'Suite 613', 'Duaneville', '09730147614', 6),
(11, 'Alberta', 'Dach', 'Gregoria Parkways', 'Suite 393', 'Hayesville', '09067147444', 7),
(12, 'Mike', 'Bogisich', 'Mertz Streets', 'Suite 422', 'Mosciskimouth', '09085569312', 8),
(13, 'Carmen', 'Kuphal', 'Iva Park', 'Suite 710', 'Santa Barbara', '09519068796', 9),
(14, 'Maximilian', 'Trantow', 'Shane Hill', 'Suite 541', 'West Isaias', '09128605670', 10),
(15, 'Norberto', 'Jenkins', 'Frami Gardens', 'Suite 947', 'Jaysonfort', '09185080230', 11),
(16, 'Darrick', 'Klein', 'Dario Orchard', 'Apt. 545', 'North Ricardoburgh', '09973705039', 12),
(17, 'Else', 'Sauer', 'Harry Falls', 'Suite 323', 'Mount Prospect', '09531931414', 13),
(18, 'Opal', 'Carroll', 'Hegmann Locks', 'Apt. 013', 'Corona', '09023887071', 14),
(19, 'Lilian', 'Schowalter', 'Corkery Stream', 'Suite 747', 'North Lavonne', '09872349414', 15),
(20, 'Mathew', 'Kulas', 'Pink Points', 'Apt. 851', 'New Bernadine', '09028609665', 16),
(21, 'Tom', 'Treutel', 'Kunde Lodge', 'Suite 687', 'North Anya', '09503604031', 17),
(22, 'Ena', 'Cartwright', 'Osinski Trail', 'Suite 699', 'Kaylatown', '09332620745', 18),
(23, 'Shyanne', 'Prosacco', 'Emory Road', 'Apt. 947', 'West Rettaborough', '09599436835', 19),
(24, 'Ethel', 'Hudson', 'Theresa Vista', 'Apt. 822', 'North Breana', '09317811696', 20),
(25, 'Dayne', 'Hermiston', 'Thea Spurs', 'Suite 367', 'Ezrafurt', '09573655744', 21),
(26, 'Kris', 'Larkin', 'Blanda Ranch', 'Apt. 138', 'Carmeloland', '09651030698', 22),
(27, 'Keshaun', 'Swift', 'Marquardt Springs', 'Apt. 910', 'Oxnard', '09938571280', 23),
(28, 'Lilliana', 'Altenwerth', 'Celestino Pike', 'Suite 770', 'Emmychester', '09213413378', 24),
(29, 'Hailee', 'Price', 'Lakin Fort', 'Apt. 434', 'Keelingview', '09978576558', 25),
(30, 'Westley', 'Kessler', 'Webster Overpass', 'Suite 446', 'Goldnerchester', '09993487616', 26),
(31, 'Kory', 'Corkery', 'Tyson Brooks', 'Apt. 985', 'West Keyshawnbury', '09685383718', 27),
(32, 'Bernadette', 'Jacobi', 'Kayli Drives', 'Apt. 273', 'Tyreseside', '09355667708', 28),
(33, 'Mac', 'Johnston', 'Domenico Land', 'Apt. 885', 'Crooksshire', '09406760485', 29),
(34, 'Guiseppe', 'Sauer', 'Shanny Roads', 'Suite 528', 'West Tyreekton', '09360373683', 30),
(35, 'Larue', 'Stark', 'Tabitha Gateway', 'Suite 528', 'East Axelcester', '09261377314', 31),
(36, 'Alford', 'Steuber', 'Runte Meadows', 'Suite 147', 'Creminworth', '09188116712', 32),
(37, 'Loma', 'Predovic', 'Miracle Track', 'Apt. 013', 'Greenfelderstad', '09866927691', 33),
(38, 'Jacky', 'Kshlerin', 'Abel Brooks', 'Apt. 199', 'Potomac', '09093639055', 34),
(39, 'Derick', 'MacGyver', 'Effertz Drive', 'Apt. 541', 'Tinley Park', '09639685551', 35),
(40, 'Deron', 'Nicolas', 'Liam Well', 'Apt. 341', 'West Stuart', '09397586167', 36),
(41, 'Cyril', 'Nicolas', 'Schiller Shoals', 'Apt. 952', 'Ameliaview', '09719895014', 37),
(42, 'Frances', 'Rohan', 'Courtney Forges', 'Suite 269', 'Fort Hardyborough', '09389864892', 38),
(43, 'Darryl', 'Abshire', 'Jarvis Burgs', 'Apt. 261', 'Petaluma', '09029599309', 39),
(44, 'Faustino', 'Predovic', 'Maude Common', 'Suite 331', 'Selmercester', '09844375052', 40),
(45, 'Virginie', 'Schumm', 'Kristofer Walk', 'Suite 636', 'Adrianworth', '09318846108', 41),
(46, 'Jany', 'Thiel', 'Lia Mountain', 'Suite 279', 'New Shania', '09991090932', 42),
(47, 'Carlo', 'Olson', 'Wolff Parks', 'Apt. 289', 'Dockbury', '09400953744', 43),
(48, 'Sammie', 'Greenfelder', 'Haag Light', 'Apt. 354', 'Carolyneworth', '09511690387', 44),
(49, 'Quincy', 'Kertzmann', 'Franey Extensions', 'Apt. 340', 'New Roxannefield', '09777926044', 45),
(50, 'Janick', 'Yundt', 'Sonya Wall', 'Suite 079', 'Mitchellport', '09906947670', 46),
(51, 'Osbaldo', 'Ankunding', 'Wolf Center', 'Apt. 082', 'Normal', '09533310930', 47),
(52, 'Francesco', 'Metz', 'Stark Terrace', 'Suite 242', 'West Stacey', '09091754499', 48),
(53, 'D\'angelo', 'Powlowski', 'Hattie Burgs', 'Apt. 024', 'East Jabaribury', '09898486100', 49),
(54, 'Kara', 'Koch', 'Baron Courts', 'Suite 720', 'Kathrynestad', '09986064483', 50),
(55, 'Federico', 'D\'Amore', 'Laverna Path', 'Suite 868', 'Heidenreichbury', '09870629904', 51),
(56, 'Nathaniel', 'Kozey', 'Garrison Shore', 'Apt. 120', 'West Wilmerton', '09374242582', 52),
(57, 'Rubie', 'Olson', 'Okuneva Divide', 'Apt. 918', 'Shawnee', '09564067995', 53),
(58, 'Mckenzie', 'Blick', 'Balistreri Parkways', 'Suite 350', 'Fort Reneeview', '09864872850', 54),
(59, 'Barrett', 'Rau', 'Precious Fields', 'Apt. 981', 'Kreigerberg', '09447298865', 55),
(60, 'Rodger', 'Bogan', 'Raleigh Court', 'Apt. 455', 'Jonathonside', '09378239809', 56),
(61, 'Ezequiel', 'Lehner', 'Walsh Roads', 'Suite 645', 'Jaymefurt', '09839118032', 57),
(62, 'Gabrielle', 'Stiedemann', 'Kohler Pine', 'Suite 886', 'Leehaven', '09855758613', 58),
(63, 'Sheila', 'Cole', 'Marquardt Shores', 'Suite 227', 'Garfieldworth', '09098084034', 59),
(64, 'Emelie', 'Pagac', 'Joyce Ports', 'Apt. 686', 'Salinas', '09233416936', 60),
(65, 'Hilton', 'Stracke', 'O\'Kon Ranch', 'Apt. 494', 'North Timmy', '09905288665', 61),
(66, 'Clay', 'Zemlak', 'Brigitte Manors', 'Apt. 258', 'Dessieworth', '09937072501', 62),
(67, 'Alberto', 'Wuckert', 'Zboncak Fall', 'Suite 332', 'Cruickshankstad', '09077041299', 63),
(68, 'Leann', 'Hagenes', 'O\'Kon Ranch', 'Suite 634', 'Port Virginietown', '09240931318', 64),
(69, 'Hettie', 'Champlin', 'Devonte Gateway', 'Apt. 726', 'Altadena', '09002902152', 65),
(70, 'Jillian', 'Bechtelar', 'Verner Haven', 'Apt. 507', 'West Scottie', '09250595990', 66),
(71, 'Mavis', 'Auer', 'Grayce Forge', 'Apt. 543', 'Lubowitzton', '09440650007', 67),
(72, 'Kaleigh', 'Nitzsche', 'Cydney Forest', 'Apt. 588', 'Greenfurt', '09032329481', 68),
(73, 'Freddie', 'Champlin', 'Mann Harbors', 'Suite 584', 'West Timothy', '09027246800', 69),
(74, 'Yvette', 'Mosciski', 'Raymundo Port', 'Apt. 765', 'Heaneyville', '09956006724', 70),
(75, 'Tianna', 'Stoltenberg', 'Dannie Brooks', 'Apt. 115', 'Toledo', '09513032299', 71),
(76, 'Ursula', 'Tromp', 'Christiansen Parkway', 'Suite 127', 'South Benburgh', '09527240287', 72),
(77, 'Jimmy', 'Kshlerin', 'Dibbert Forest', 'Apt. 463', 'North Peggieburgh', '09286820088', 73),
(78, 'Quincy', 'Beatty', 'Berge Ferry', 'Apt. 149', 'Streichboro', '09267043304', 74),
(79, 'Ignacio', 'Durgan', 'Matteo Plaza', 'Apt. 087', 'Warner Robins', '09546865951', 75),
(80, 'Ellen', 'Grant', 'Toy Courts', 'Apt. 805', 'Julieton', '09762226563', 76),
(81, 'Catharine', 'Smitham', 'Vergie Loaf', 'Suite 065', 'Rosenbaumworth', '09973095084', 77),
(82, 'Shanie', 'Schulist', 'Meagan Estate', 'Apt. 229', 'Roderickport', '09070355080', 78),
(83, 'Webster', 'Spinka', 'Jacobi Causeway', 'Suite 981', 'Worcester', '09895194211', 79),
(84, 'Roosevelt', 'Schmitt', 'Selmer Point', 'Suite 950', 'Hollywood', '09352167747', 80),
(85, 'Tom', 'Rogahn', 'Dayne Shore', 'Suite 080', 'Raleigh', '09648893746', 81),
(86, 'Glen', 'Homenick', 'Jon Heights', 'Apt. 976', 'South Johnathon', '09511003452', 82),
(87, 'Elise', 'Heaney', 'Shanahan Row', 'Suite 773', 'Port Anita', '09959029396', 83),
(88, 'Scarlett', 'Gutkowski', 'Terry Circle', 'Suite 401', 'Jastbury', '09452167329', 84),
(89, 'Jessica', 'Graham', 'Royal Spurs', 'Suite 964', 'Lake Candace', '09314207345', 85),
(90, 'Caleigh', 'Denesik', 'Jones Ford', 'Apt. 184', 'Fort Madison', '09322937768', 86),
(91, 'Nico', 'Hartmann', 'Kuvalis Ford', 'Apt. 413', 'North Donavon', '09801757848', 87),
(92, 'Bradley', 'Wehner', 'Cydney Neck', 'Suite 399', 'South Loyal', '09259844194', 88),
(93, 'Andreanne', 'Nicolas', 'Barney Spur', 'Suite 344', 'East Graysonshire', '09839128669', 89),
(94, 'Virginie', 'Gorczany', 'Bennett Rest', 'Suite 908', 'Tanyaborough', '09329661064', 90),
(95, 'Winona', 'Cremin', 'Jazmyne Field', 'Suite 061', 'North Dewitt', '09334374356', 91),
(96, 'Keaton', 'Gerhold', 'Casper Ridge', 'Suite 565', 'Carson', '09310683084', 92),
(97, 'Charity', 'Grimes', 'Legros Spring', 'Apt. 495', 'Heaneyfurt', '09623919645', 93),
(98, 'Regan', 'Gleichner', 'Raynor Drives', 'Apt. 677', 'North Emileborough', '09497862686', 94),
(99, 'Eulalia', 'Rice', 'Lavina Burg', 'Suite 810', 'Gulfport', '09412880608', 95),
(100, 'Josue', 'Homenick', 'Cronin Causeway', 'Apt. 996', 'Schmittchester', '09434983751', 96),
(101, 'Demario', 'Medhurst', 'Windler Mission', 'Suite 814', 'New Adah', '09679503572', 97),
(102, 'Ahmad', 'Dietrich', 'Randy Trace', 'Apt. 912', 'Lake Bethany', '09709449342', 98),
(103, 'Garrick', 'Kemmer', 'Schinner Burgs', 'Suite 828', 'Port Blair', '09920302075', 99),
(104, 'Armani', 'Schneider', 'Wilber Mountain', 'Suite 950', 'Fort Reuben', '09186039279', 100);

-- --------------------------------------------------------

--
-- Table structure for table `order_items`
--

CREATE TABLE `order_items` (
  `id` int(11) NOT NULL,
  `quantity` int(11) NOT NULL,
  `created_at` timestamp NOT NULL DEFAULT current_timestamp(),
  `updated_at` timestamp NOT NULL DEFAULT current_timestamp() ON UPDATE current_timestamp(),
  `order_id` int(11) NOT NULL,
  `product_id` int(11) NOT NULL
) ENGINE=InnoDB DEFAULT CHARSET=utf8mb4 COLLATE=utf8mb4_general_ci;

--
-- Dumping data for table `order_items`
--

INSERT INTO `order_items` (`id`, `quantity`, `created_at`, `updated_at`, `order_id`, `product_id`) VALUES
(1, 10, '2023-05-21 01:45:20', '2023-05-21 01:45:20', 1, 1),
(2, 11, '2023-05-21 01:45:20', '2023-05-21 01:45:20', 2, 2),
(3, 6, '2023-05-21 01:45:20', '2023-05-21 01:45:20', 3, 3),
(4, 12, '2023-05-21 01:45:20', '2023-05-21 01:45:20', 4, 4),
(5, 5, '2023-05-21 01:45:20', '2023-05-21 01:45:20', 5, 5),
(6, 9, '2023-05-21 01:45:20', '2023-05-21 01:45:20', 6, 6),
(7, 6, '2023-05-21 01:45:20', '2023-05-21 01:45:20', 7, 7),
(8, 12, '2023-05-21 01:45:20', '2023-05-21 01:45:20', 8, 8),
(9, 5, '2023-05-21 01:45:20', '2023-05-21 01:45:20', 9, 9),
(10, 9, '2023-05-21 01:45:20', '2023-05-21 01:45:20', 10, 10),
(11, 13, '2023-05-21 01:45:20', '2023-05-21 01:45:20', 11, 11),
(12, 5, '2023-05-21 01:45:20', '2023-05-21 01:45:20', 12, 12),
(13, 5, '2023-05-21 01:45:20', '2023-05-21 01:45:20', 13, 13),
(14, 11, '2023-05-21 01:45:20', '2023-05-21 01:45:20', 14, 14),
(15, 7, '2023-05-21 01:45:20', '2023-05-21 01:45:20', 15, 15),
(16, 5, '2023-05-21 01:45:20', '2023-05-21 01:45:20', 16, 16),
(17, 5, '2023-05-21 01:45:20', '2023-05-21 01:45:20', 17, 17),
(18, 5, '2023-05-21 01:45:20', '2023-05-21 01:45:20', 18, 18),
(19, 12, '2023-05-21 01:45:20', '2023-05-21 01:45:20', 19, 19),
(20, 10, '2023-05-21 01:45:20', '2023-05-21 01:45:20', 20, 20),
(21, 14, '2023-05-21 01:45:20', '2023-05-21 01:45:20', 21, 21),
(22, 11, '2023-05-21 01:45:20', '2023-05-21 01:45:20', 22, 22),
(23, 7, '2023-05-21 01:45:20', '2023-05-21 01:45:20', 23, 23),
(24, 9, '2023-05-21 01:45:20', '2023-05-21 01:45:20', 24, 24),
(25, 5, '2023-05-21 01:45:20', '2023-05-21 01:45:20', 25, 25),
(26, 5, '2023-05-21 01:45:20', '2023-05-21 01:45:20', 26, 26),
(27, 14, '2023-05-21 01:45:20', '2023-05-21 01:45:20', 27, 27),
(28, 9, '2023-05-21 01:45:20', '2023-05-21 01:45:20', 28, 28),
(29, 8, '2023-05-21 01:45:20', '2023-05-21 01:45:20', 29, 29),
(30, 5, '2023-05-21 01:45:20', '2023-05-21 01:45:20', 30, 30),
(31, 7, '2023-05-21 01:45:20', '2023-05-21 01:45:20', 31, 31),
(32, 10, '2023-05-21 01:45:20', '2023-05-21 01:45:20', 32, 32),
(33, 12, '2023-05-21 01:45:20', '2023-05-21 01:45:20', 33, 33),
(34, 7, '2023-05-21 01:45:20', '2023-05-21 01:45:20', 34, 34),
(35, 14, '2023-05-21 01:45:20', '2023-05-21 01:45:20', 35, 35),
(36, 6, '2023-05-21 01:45:20', '2023-05-21 01:45:20', 36, 36),
(37, 12, '2023-05-21 01:45:20', '2023-05-21 01:45:20', 37, 37),
(38, 11, '2023-05-21 01:45:20', '2023-05-21 01:45:20', 38, 38),
(39, 7, '2023-05-21 01:45:20', '2023-05-21 01:45:20', 39, 39),
(40, 6, '2023-05-21 01:45:20', '2023-05-21 01:45:20', 40, 40),
(41, 6, '2023-05-21 01:45:20', '2023-05-21 01:45:20', 41, 41),
(42, 12, '2023-05-21 01:45:20', '2023-05-21 01:45:20', 42, 42),
(43, 13, '2023-05-21 01:45:20', '2023-05-21 01:45:20', 43, 43),
(44, 8, '2023-05-21 01:45:20', '2023-05-21 01:45:20', 44, 44),
(45, 10, '2023-05-21 01:45:20', '2023-05-21 01:45:20', 45, 45),
(46, 8, '2023-05-21 01:45:20', '2023-05-21 01:45:20', 46, 46),
(47, 13, '2023-05-21 01:45:20', '2023-05-21 01:45:20', 47, 47),
(48, 14, '2023-05-21 01:45:20', '2023-05-21 01:45:20', 48, 48),
(49, 14, '2023-05-21 01:45:20', '2023-05-21 01:45:20', 49, 49),
(50, 8, '2023-05-21 01:45:20', '2023-05-21 01:45:20', 50, 50),
(51, 14, '2023-05-21 01:45:20', '2023-05-21 01:45:20', 51, 51),
(52, 13, '2023-05-21 01:45:20', '2023-05-21 01:45:20', 52, 52),
(53, 12, '2023-05-21 01:45:20', '2023-05-21 01:45:20', 53, 53),
(54, 12, '2023-05-21 01:45:20', '2023-05-21 01:45:20', 54, 54),
(55, 6, '2023-05-21 01:45:20', '2023-05-21 01:45:20', 55, 55),
(56, 10, '2023-05-21 01:45:20', '2023-05-21 01:45:20', 56, 56),
(57, 5, '2023-05-21 01:45:20', '2023-05-21 01:45:20', 57, 57),
(58, 6, '2023-05-21 01:45:20', '2023-05-21 01:45:20', 58, 58),
(59, 6, '2023-05-21 01:45:20', '2023-05-21 01:45:20', 59, 59),
(60, 8, '2023-05-21 01:45:20', '2023-05-21 01:45:20', 60, 60),
(61, 6, '2023-05-21 01:45:20', '2023-05-21 01:45:20', 61, 61),
(62, 13, '2023-05-21 01:45:20', '2023-05-21 01:45:20', 62, 62),
(63, 14, '2023-05-21 01:45:20', '2023-05-21 01:45:20', 63, 63),
(64, 11, '2023-05-21 01:45:20', '2023-05-21 01:45:20', 64, 64),
(65, 13, '2023-05-21 01:45:20', '2023-05-21 01:45:20', 65, 65),
(66, 6, '2023-05-21 01:45:20', '2023-05-21 01:45:20', 66, 66),
(67, 5, '2023-05-21 01:45:20', '2023-05-21 01:45:20', 67, 67),
(68, 8, '2023-05-21 01:45:20', '2023-05-21 01:45:20', 68, 68),
(69, 9, '2023-05-21 01:45:20', '2023-05-21 01:45:20', 69, 69),
(70, 5, '2023-05-21 01:45:20', '2023-05-21 01:45:20', 70, 70),
(71, 6, '2023-05-21 01:45:20', '2023-05-21 01:45:20', 71, 71),
(72, 6, '2023-05-21 01:45:20', '2023-05-21 01:45:20', 72, 72),
(73, 10, '2023-05-21 01:45:20', '2023-05-21 01:45:20', 73, 73),
(74, 11, '2023-05-21 01:45:20', '2023-05-21 01:45:20', 74, 74),
(75, 14, '2023-05-21 01:45:20', '2023-05-21 01:45:20', 75, 75),
(76, 9, '2023-05-21 01:45:20', '2023-05-21 01:45:20', 76, 76),
(77, 14, '2023-05-21 01:45:20', '2023-05-21 01:45:20', 77, 77),
(78, 11, '2023-05-21 01:45:20', '2023-05-21 01:45:20', 78, 78),
(79, 13, '2023-05-21 01:45:20', '2023-05-21 01:45:20', 79, 79),
(80, 12, '2023-05-21 01:45:20', '2023-05-21 01:45:20', 80, 80),
(81, 6, '2023-05-21 01:45:20', '2023-05-21 01:45:20', 81, 81),
(82, 14, '2023-05-21 01:45:20', '2023-05-21 01:45:20', 82, 82),
(83, 13, '2023-05-21 01:45:20', '2023-05-21 01:45:20', 83, 83),
(84, 9, '2023-05-21 01:45:20', '2023-05-21 01:45:20', 84, 84),
(85, 13, '2023-05-21 01:45:20', '2023-05-21 01:45:20', 85, 85),
(86, 13, '2023-05-21 01:45:20', '2023-05-21 01:45:20', 86, 86),
(87, 11, '2023-05-21 01:45:20', '2023-05-21 01:45:20', 87, 87),
(88, 12, '2023-05-21 01:45:20', '2023-05-21 01:45:20', 88, 88),
(89, 9, '2023-05-21 01:45:20', '2023-05-21 01:45:20', 89, 89),
(90, 8, '2023-05-21 01:45:20', '2023-05-21 01:45:20', 90, 90),
(91, 13, '2023-05-21 01:45:20', '2023-05-21 01:45:20', 91, 91),
(92, 5, '2023-05-21 01:45:20', '2023-05-21 01:45:20', 92, 92),
(93, 10, '2023-05-21 01:45:20', '2023-05-21 01:45:20', 93, 93),
(94, 8, '2023-05-21 01:45:20', '2023-05-21 01:45:20', 94, 94),
(95, 7, '2023-05-21 01:45:20', '2023-05-21 01:45:20', 95, 95),
(96, 14, '2023-05-21 01:45:20', '2023-05-21 01:45:20', 96, 96),
(97, 14, '2023-05-21 01:45:20', '2023-05-21 01:45:20', 97, 97),
(98, 14, '2023-05-21 01:45:20', '2023-05-21 01:45:20', 98, 98),
(99, 10, '2023-05-21 01:45:20', '2023-05-21 01:45:20', 99, 99),
(100, 6, '2023-05-21 01:45:20', '2023-05-21 01:45:20', 100, 100),
(101, 10, '2023-05-21 01:46:01', '2023-05-21 01:46:01', 1, 2),
(102, 10, '2023-05-21 01:46:01', '2023-05-21 01:46:01', 2, 3),
(103, 7, '2023-05-21 01:46:01', '2023-05-21 01:46:01', 3, 4),
(104, 13, '2023-05-21 01:46:01', '2023-05-21 01:46:01', 4, 5),
(105, 6, '2023-05-21 01:46:01', '2023-05-21 01:46:01', 5, 6),
(106, 12, '2023-05-21 01:46:01', '2023-05-21 01:46:01', 6, 7),
(107, 9, '2023-05-21 01:46:01', '2023-05-21 01:46:01', 7, 8),
(108, 6, '2023-05-21 01:46:01', '2023-05-21 01:46:01', 8, 9),
(109, 11, '2023-05-21 01:46:01', '2023-05-21 01:46:01', 9, 10),
(110, 11, '2023-05-21 01:46:01', '2023-05-21 01:46:01', 10, 11),
(111, 9, '2023-05-21 01:46:01', '2023-05-21 01:46:01', 11, 12),
(112, 14, '2023-05-21 01:46:01', '2023-05-21 01:46:01', 12, 13),
(113, 10, '2023-05-21 01:46:01', '2023-05-21 01:46:01', 13, 14),
(114, 11, '2023-05-21 01:46:01', '2023-05-21 01:46:01', 14, 15),
(115, 11, '2023-05-21 01:46:01', '2023-05-21 01:46:01', 15, 16),
(116, 12, '2023-05-21 01:46:01', '2023-05-21 01:46:01', 16, 17),
(117, 13, '2023-05-21 01:46:01', '2023-05-21 01:46:01', 17, 18),
(118, 8, '2023-05-21 01:46:01', '2023-05-21 01:46:01', 18, 19),
(119, 13, '2023-05-21 01:46:01', '2023-05-21 01:46:01', 19, 20),
(120, 10, '2023-05-21 01:46:01', '2023-05-21 01:46:01', 20, 21),
(121, 13, '2023-05-21 01:46:01', '2023-05-21 01:46:01', 21, 22),
(122, 7, '2023-05-21 01:46:01', '2023-05-21 01:46:01', 22, 23),
(123, 11, '2023-05-21 01:46:01', '2023-05-21 01:46:01', 23, 24),
(124, 11, '2023-05-21 01:46:01', '2023-05-21 01:46:01', 24, 25),
(125, 12, '2023-05-21 01:46:01', '2023-05-21 01:46:01', 25, 26),
(126, 5, '2023-05-21 01:46:01', '2023-05-21 01:46:01', 26, 27),
(127, 7, '2023-05-21 01:46:01', '2023-05-21 01:46:01', 27, 28),
(128, 11, '2023-05-21 01:46:01', '2023-05-21 01:46:01', 28, 29),
(129, 13, '2023-05-21 01:46:01', '2023-05-21 01:46:01', 29, 30),
(130, 5, '2023-05-21 01:46:01', '2023-05-21 01:46:01', 30, 31),
(131, 11, '2023-05-21 01:46:01', '2023-05-21 01:46:01', 31, 32),
(132, 12, '2023-05-21 01:46:01', '2023-05-21 01:46:01', 32, 33),
(133, 6, '2023-05-21 01:46:01', '2023-05-21 01:46:01', 33, 34),
(134, 8, '2023-05-21 01:46:01', '2023-05-21 01:46:01', 34, 35),
(135, 6, '2023-05-21 01:46:01', '2023-05-21 01:46:01', 35, 36),
(136, 13, '2023-05-21 01:46:01', '2023-05-21 01:46:01', 36, 37),
(137, 5, '2023-05-21 01:46:01', '2023-05-21 01:46:01', 37, 38),
(138, 14, '2023-05-21 01:46:01', '2023-05-21 01:46:01', 38, 39),
(139, 5, '2023-05-21 01:46:01', '2023-05-21 01:46:01', 39, 40),
(140, 14, '2023-05-21 01:46:01', '2023-05-21 01:46:01', 40, 41),
(141, 5, '2023-05-21 01:46:01', '2023-05-21 01:46:01', 41, 42),
(142, 5, '2023-05-21 01:46:01', '2023-05-21 01:46:01', 42, 43),
(143, 14, '2023-05-21 01:46:02', '2023-05-21 01:46:02', 43, 44),
(144, 10, '2023-05-21 01:46:02', '2023-05-21 01:46:02', 44, 45),
(145, 5, '2023-05-21 01:46:02', '2023-05-21 01:46:02', 45, 46),
(146, 7, '2023-05-21 01:46:02', '2023-05-21 01:46:02', 46, 47),
(147, 12, '2023-05-21 01:46:02', '2023-05-21 01:46:02', 47, 48),
(148, 14, '2023-05-21 01:46:02', '2023-05-21 01:46:02', 48, 49),
(149, 10, '2023-05-21 01:46:02', '2023-05-21 01:46:02', 49, 50),
(150, 11, '2023-05-21 01:46:02', '2023-05-21 01:46:02', 50, 51),
(151, 11, '2023-05-21 01:46:02', '2023-05-21 01:46:02', 51, 52),
(152, 12, '2023-05-21 01:46:02', '2023-05-21 01:46:02', 52, 53),
(153, 9, '2023-05-21 01:46:02', '2023-05-21 01:46:02', 53, 54),
(154, 12, '2023-05-21 01:46:02', '2023-05-21 01:46:02', 54, 55),
(155, 7, '2023-05-21 01:46:02', '2023-05-21 01:46:02', 55, 56),
(156, 7, '2023-05-21 01:46:02', '2023-05-21 01:46:02', 56, 57),
(157, 9, '2023-05-21 01:46:02', '2023-05-21 01:46:02', 57, 58),
(158, 12, '2023-05-21 01:46:02', '2023-05-21 01:46:02', 58, 59),
(159, 10, '2023-05-21 01:46:02', '2023-05-21 01:46:02', 59, 60),
(160, 5, '2023-05-21 01:46:02', '2023-05-21 01:46:02', 60, 61),
(161, 8, '2023-05-21 01:46:02', '2023-05-21 01:46:02', 61, 62),
(162, 8, '2023-05-21 01:46:02', '2023-05-21 01:46:02', 62, 63),
(163, 8, '2023-05-21 01:46:02', '2023-05-21 01:46:02', 63, 64),
(164, 12, '2023-05-21 01:46:02', '2023-05-21 01:46:02', 64, 65),
(165, 12, '2023-05-21 01:46:02', '2023-05-21 01:46:02', 65, 66),
(166, 6, '2023-05-21 01:46:02', '2023-05-21 01:46:02', 66, 67),
(167, 8, '2023-05-21 01:46:02', '2023-05-21 01:46:02', 67, 68),
(168, 10, '2023-05-21 01:46:02', '2023-05-21 01:46:02', 68, 69),
(169, 12, '2023-05-21 01:46:02', '2023-05-21 01:46:02', 69, 70),
(170, 14, '2023-05-21 01:46:02', '2023-05-21 01:46:02', 70, 71),
(171, 10, '2023-05-21 01:46:02', '2023-05-21 01:46:02', 71, 72),
(172, 5, '2023-05-21 01:46:02', '2023-05-21 01:46:02', 72, 73),
(173, 5, '2023-05-21 01:46:02', '2023-05-21 01:46:02', 73, 74),
(174, 7, '2023-05-21 01:46:02', '2023-05-21 01:46:02', 74, 75),
(175, 9, '2023-05-21 01:46:02', '2023-05-21 01:46:02', 75, 76),
(176, 9, '2023-05-21 01:46:02', '2023-05-21 01:46:02', 76, 77),
(177, 7, '2023-05-21 01:46:02', '2023-05-21 01:46:02', 77, 78),
(178, 10, '2023-05-21 01:46:02', '2023-05-21 01:46:02', 78, 79),
(179, 8, '2023-05-21 01:46:02', '2023-05-21 01:46:02', 79, 80),
(180, 10, '2023-05-21 01:46:02', '2023-05-21 01:46:02', 80, 81),
(181, 12, '2023-05-21 01:46:02', '2023-05-21 01:46:02', 81, 82),
(182, 13, '2023-05-21 01:46:02', '2023-05-21 01:46:02', 82, 83),
(183, 11, '2023-05-21 01:46:02', '2023-05-21 01:46:02', 83, 84),
(184, 8, '2023-05-21 01:46:02', '2023-05-21 01:46:02', 84, 85),
(185, 11, '2023-05-21 01:46:02', '2023-05-21 01:46:02', 85, 86),
(186, 11, '2023-05-21 01:46:02', '2023-05-21 01:46:02', 86, 87),
(187, 10, '2023-05-21 01:46:02', '2023-05-21 01:46:02', 87, 88),
(188, 13, '2023-05-21 01:46:02', '2023-05-21 01:46:02', 88, 89),
(189, 5, '2023-05-21 01:46:02', '2023-05-21 01:46:02', 89, 90),
(190, 12, '2023-05-21 01:46:02', '2023-05-21 01:46:02', 90, 91),
(191, 10, '2023-05-21 01:46:02', '2023-05-21 01:46:02', 91, 92),
(192, 13, '2023-05-21 01:46:02', '2023-05-21 01:46:02', 92, 93),
(193, 11, '2023-05-21 01:46:02', '2023-05-21 01:46:02', 93, 94),
(194, 14, '2023-05-21 01:46:02', '2023-05-21 01:46:02', 94, 95),
(195, 14, '2023-05-21 01:46:02', '2023-05-21 01:46:02', 95, 96),
(196, 10, '2023-05-21 01:46:02', '2023-05-21 01:46:02', 96, 97),
(197, 6, '2023-05-21 01:46:02', '2023-05-21 01:46:02', 97, 98),
(198, 10, '2023-05-21 01:46:02', '2023-05-21 01:46:02', 98, 99),
(199, 11, '2023-05-21 01:46:02', '2023-05-21 01:46:02', 99, 100),
(200, 7, '2023-05-21 01:46:02', '2023-05-21 01:46:02', 100, 1),
(201, 5, '2023-05-21 01:46:56', '2023-05-21 01:46:56', 1, 3),
(202, 10, '2023-05-21 01:46:56', '2023-05-21 01:46:56', 2, 4),
(203, 13, '2023-05-21 01:46:56', '2023-05-21 01:46:56', 3, 5),
(204, 5, '2023-05-21 01:46:56', '2023-05-21 01:46:56', 4, 6),
(205, 11, '2023-05-21 01:46:56', '2023-05-21 01:46:56', 5, 7),
(206, 11, '2023-05-21 01:46:56', '2023-05-21 01:46:56', 6, 8),
(207, 13, '2023-05-21 01:46:56', '2023-05-21 01:46:56', 7, 9),
(208, 10, '2023-05-21 01:46:56', '2023-05-21 01:46:56', 8, 10),
(209, 5, '2023-05-21 01:46:56', '2023-05-21 01:46:56', 9, 11),
(210, 12, '2023-05-21 01:46:56', '2023-05-21 01:46:56', 10, 12),
(211, 11, '2023-05-21 01:46:56', '2023-05-21 01:46:56', 11, 13),
(212, 6, '2023-05-21 01:46:56', '2023-05-21 01:46:56', 12, 14),
(213, 10, '2023-05-21 01:46:56', '2023-05-21 01:46:56', 13, 15),
(214, 13, '2023-05-21 01:46:56', '2023-05-21 01:46:56', 14, 16),
(215, 10, '2023-05-21 01:46:56', '2023-05-21 01:46:56', 15, 17),
(216, 7, '2023-05-21 01:46:56', '2023-05-21 01:46:56', 16, 18),
(217, 10, '2023-05-21 01:46:56', '2023-05-21 01:46:56', 17, 19),
(218, 10, '2023-05-21 01:46:56', '2023-05-21 01:46:56', 18, 20),
(219, 5, '2023-05-21 01:46:56', '2023-05-21 01:46:56', 19, 21),
(220, 14, '2023-05-21 01:46:56', '2023-05-21 01:46:56', 20, 22),
(221, 9, '2023-05-21 01:46:56', '2023-05-21 01:46:56', 21, 23),
(222, 8, '2023-05-21 01:46:56', '2023-05-21 01:46:56', 22, 24),
(223, 9, '2023-05-21 01:46:56', '2023-05-21 01:46:56', 23, 25),
(224, 9, '2023-05-21 01:46:56', '2023-05-21 01:46:56', 24, 26),
(225, 5, '2023-05-21 01:46:56', '2023-05-21 01:46:56', 25, 27),
(226, 5, '2023-05-21 01:46:56', '2023-05-21 01:46:56', 26, 28),
(227, 12, '2023-05-21 01:46:56', '2023-05-21 01:46:56', 27, 29),
(228, 10, '2023-05-21 01:46:56', '2023-05-21 01:46:56', 28, 30),
(229, 13, '2023-05-21 01:46:56', '2023-05-21 01:46:56', 29, 31),
(230, 14, '2023-05-21 01:46:56', '2023-05-21 01:46:56', 30, 32),
(231, 12, '2023-05-21 01:46:56', '2023-05-21 01:46:56', 31, 33),
(232, 7, '2023-05-21 01:46:56', '2023-05-21 01:46:56', 32, 34),
(233, 8, '2023-05-21 01:46:56', '2023-05-21 01:46:56', 33, 35),
(234, 14, '2023-05-21 01:46:56', '2023-05-21 01:46:56', 34, 36),
(235, 7, '2023-05-21 01:46:56', '2023-05-21 01:46:56', 35, 37),
(236, 9, '2023-05-21 01:46:56', '2023-05-21 01:46:56', 36, 38),
(237, 13, '2023-05-21 01:46:56', '2023-05-21 01:46:56', 37, 39),
(238, 8, '2023-05-21 01:46:56', '2023-05-21 01:46:56', 38, 40),
(239, 14, '2023-05-21 01:46:56', '2023-05-21 01:46:56', 39, 41),
(240, 13, '2023-05-21 01:46:56', '2023-05-21 01:46:56', 40, 42),
(241, 14, '2023-05-21 01:46:56', '2023-05-21 01:46:56', 41, 43),
(242, 12, '2023-05-21 01:46:56', '2023-05-21 01:46:56', 42, 44),
(243, 13, '2023-05-21 01:46:56', '2023-05-21 01:46:56', 43, 45),
(244, 9, '2023-05-21 01:46:56', '2023-05-21 01:46:56', 44, 46),
(245, 13, '2023-05-21 01:46:56', '2023-05-21 01:46:56', 45, 47),
(246, 9, '2023-05-21 01:46:56', '2023-05-21 01:46:56', 46, 48),
(247, 5, '2023-05-21 01:46:56', '2023-05-21 01:46:56', 47, 49),
(248, 5, '2023-05-21 01:46:56', '2023-05-21 01:46:56', 48, 50),
(249, 10, '2023-05-21 01:46:56', '2023-05-21 01:46:56', 49, 51),
(250, 10, '2023-05-21 01:46:56', '2023-05-21 01:46:56', 50, 52),
(251, 9, '2023-05-21 01:46:56', '2023-05-21 01:46:56', 51, 53),
(252, 13, '2023-05-21 01:46:56', '2023-05-21 01:46:56', 52, 54),
(253, 10, '2023-05-21 01:46:56', '2023-05-21 01:46:56', 53, 55),
(254, 9, '2023-05-21 01:46:56', '2023-05-21 01:46:56', 54, 56),
(255, 14, '2023-05-21 01:46:56', '2023-05-21 01:46:56', 55, 57),
(256, 8, '2023-05-21 01:46:56', '2023-05-21 01:46:56', 56, 58),
(257, 7, '2023-05-21 01:46:56', '2023-05-21 01:46:56', 57, 59),
(258, 6, '2023-05-21 01:46:56', '2023-05-21 01:46:56', 58, 60),
(259, 12, '2023-05-21 01:46:56', '2023-05-21 01:46:56', 59, 61),
(260, 5, '2023-05-21 01:46:56', '2023-05-21 01:46:56', 60, 62),
(261, 14, '2023-05-21 01:46:56', '2023-05-21 01:46:56', 61, 63),
(262, 5, '2023-05-21 01:46:56', '2023-05-21 01:46:56', 62, 64),
(263, 13, '2023-05-21 01:46:56', '2023-05-21 01:46:56', 63, 65),
(264, 7, '2023-05-21 01:46:56', '2023-05-21 01:46:56', 64, 66),
(265, 7, '2023-05-21 01:46:56', '2023-05-21 01:46:56', 65, 67),
(266, 14, '2023-05-21 01:46:56', '2023-05-21 01:46:56', 66, 68),
(267, 11, '2023-05-21 01:46:56', '2023-05-21 01:46:56', 67, 69),
(268, 11, '2023-05-21 01:46:56', '2023-05-21 01:46:56', 68, 70),
(269, 5, '2023-05-21 01:46:56', '2023-05-21 01:46:56', 69, 71),
(270, 12, '2023-05-21 01:46:56', '2023-05-21 01:46:56', 70, 72),
(271, 14, '2023-05-21 01:46:56', '2023-05-21 01:46:56', 71, 73),
(272, 6, '2023-05-21 01:46:56', '2023-05-21 01:46:56', 72, 74),
(273, 10, '2023-05-21 01:46:56', '2023-05-21 01:46:56', 73, 75),
(274, 7, '2023-05-21 01:46:56', '2023-05-21 01:46:56', 74, 76),
(275, 5, '2023-05-21 01:46:56', '2023-05-21 01:46:56', 75, 77),
(276, 10, '2023-05-21 01:46:56', '2023-05-21 01:46:56', 76, 78),
(277, 5, '2023-05-21 01:46:56', '2023-05-21 01:46:56', 77, 79),
(278, 13, '2023-05-21 01:46:56', '2023-05-21 01:46:56', 78, 80),
(279, 6, '2023-05-21 01:46:56', '2023-05-21 01:46:56', 79, 81),
(280, 13, '2023-05-21 01:46:56', '2023-05-21 01:46:56', 80, 82),
(281, 14, '2023-05-21 01:46:56', '2023-05-21 01:46:56', 81, 83),
(282, 10, '2023-05-21 01:46:56', '2023-05-21 01:46:56', 82, 84),
(283, 6, '2023-05-21 01:46:56', '2023-05-21 01:46:56', 83, 85),
(284, 10, '2023-05-21 01:46:56', '2023-05-21 01:46:56', 84, 86),
(285, 6, '2023-05-21 01:46:56', '2023-05-21 01:46:56', 85, 87),
(286, 6, '2023-05-21 01:46:56', '2023-05-21 01:46:56', 86, 88),
(287, 11, '2023-05-21 01:46:56', '2023-05-21 01:46:56', 87, 89),
(288, 9, '2023-05-21 01:46:56', '2023-05-21 01:46:56', 88, 90),
(289, 12, '2023-05-21 01:46:56', '2023-05-21 01:46:56', 89, 91),
(290, 8, '2023-05-21 01:46:56', '2023-05-21 01:46:56', 90, 92),
(291, 5, '2023-05-21 01:46:56', '2023-05-21 01:46:56', 91, 93),
(292, 10, '2023-05-21 01:46:56', '2023-05-21 01:46:56', 92, 94),
(293, 10, '2023-05-21 01:46:56', '2023-05-21 01:46:56', 93, 95),
(294, 11, '2023-05-21 01:46:56', '2023-05-21 01:46:56', 94, 96),
(295, 13, '2023-05-21 01:46:56', '2023-05-21 01:46:56', 95, 97),
(296, 14, '2023-05-21 01:46:56', '2023-05-21 01:46:56', 96, 98),
(297, 10, '2023-05-21 01:46:56', '2023-05-21 01:46:56', 97, 99),
(298, 12, '2023-05-21 01:46:56', '2023-05-21 01:46:56', 98, 100),
(299, 8, '2023-05-21 01:46:56', '2023-05-21 01:46:56', 99, 1),
(300, 6, '2023-05-21 01:46:56', '2023-05-21 01:46:56', 100, 2),
(301, 8, '2023-05-21 01:46:56', '2023-05-21 01:46:56', 1, 4),
(302, 12, '2023-05-21 01:46:56', '2023-05-21 01:46:56', 2, 5),
(303, 9, '2023-05-21 01:46:56', '2023-05-21 01:46:56', 3, 6),
(304, 14, '2023-05-21 01:46:56', '2023-05-21 01:46:56', 4, 7),
(305, 5, '2023-05-21 01:46:56', '2023-05-21 01:46:56', 5, 8),
(306, 11, '2023-05-21 01:46:56', '2023-05-21 01:46:56', 6, 9),
(307, 7, '2023-05-21 01:46:56', '2023-05-21 01:46:56', 7, 10),
(308, 5, '2023-05-21 01:46:56', '2023-05-21 01:46:56', 8, 11),
(309, 13, '2023-05-21 01:46:56', '2023-05-21 01:46:56', 9, 12),
(310, 13, '2023-05-21 01:46:56', '2023-05-21 01:46:56', 10, 13),
(311, 10, '2023-05-21 01:46:56', '2023-05-21 01:46:56', 11, 14),
(312, 14, '2023-05-21 01:46:56', '2023-05-21 01:46:56', 12, 15),
(313, 12, '2023-05-21 01:46:56', '2023-05-21 01:46:56', 13, 16),
(314, 10, '2023-05-21 01:46:56', '2023-05-21 01:46:56', 14, 17),
(315, 8, '2023-05-21 01:46:56', '2023-05-21 01:46:56', 15, 18),
(316, 14, '2023-05-21 01:46:56', '2023-05-21 01:46:56', 16, 19),
(317, 9, '2023-05-21 01:46:56', '2023-05-21 01:46:56', 17, 20),
(318, 9, '2023-05-21 01:46:56', '2023-05-21 01:46:56', 18, 21),
(319, 12, '2023-05-21 01:46:56', '2023-05-21 01:46:56', 19, 22),
(320, 10, '2023-05-21 01:46:56', '2023-05-21 01:46:56', 20, 23),
(321, 7, '2023-05-21 01:46:56', '2023-05-21 01:46:56', 21, 24),
(322, 12, '2023-05-21 01:46:56', '2023-05-21 01:46:56', 22, 25),
(323, 6, '2023-05-21 01:46:56', '2023-05-21 01:46:56', 23, 26),
(324, 6, '2023-05-21 01:46:56', '2023-05-21 01:46:56', 24, 27),
(325, 14, '2023-05-21 01:46:56', '2023-05-21 01:46:56', 25, 28),
(326, 5, '2023-05-21 01:46:56', '2023-05-21 01:46:56', 26, 29),
(327, 6, '2023-05-21 01:46:56', '2023-05-21 01:46:56', 27, 30),
(328, 10, '2023-05-21 01:46:56', '2023-05-21 01:46:56', 28, 31),
(329, 6, '2023-05-21 01:46:56', '2023-05-21 01:46:56', 29, 32),
(330, 10, '2023-05-21 01:46:56', '2023-05-21 01:46:56', 30, 33),
(331, 14, '2023-05-21 01:46:56', '2023-05-21 01:46:56', 31, 34),
(332, 13, '2023-05-21 01:46:56', '2023-05-21 01:46:56', 32, 35),
(333, 9, '2023-05-21 01:46:56', '2023-05-21 01:46:56', 33, 36),
(334, 14, '2023-05-21 01:46:56', '2023-05-21 01:46:56', 34, 37),
(335, 9, '2023-05-21 01:46:56', '2023-05-21 01:46:56', 35, 38),
(336, 5, '2023-05-21 01:46:56', '2023-05-21 01:46:56', 36, 39),
(337, 5, '2023-05-21 01:46:56', '2023-05-21 01:46:56', 37, 40),
(338, 5, '2023-05-21 01:46:56', '2023-05-21 01:46:56', 38, 41),
(339, 11, '2023-05-21 01:46:56', '2023-05-21 01:46:56', 39, 42),
(340, 5, '2023-05-21 01:46:56', '2023-05-21 01:46:56', 40, 43),
(341, 14, '2023-05-21 01:46:56', '2023-05-21 01:46:56', 41, 44),
(342, 11, '2023-05-21 01:46:56', '2023-05-21 01:46:56', 42, 45),
(343, 10, '2023-05-21 01:46:56', '2023-05-21 01:46:56', 43, 46),
(344, 14, '2023-05-21 01:46:56', '2023-05-21 01:46:56', 44, 47),
(345, 6, '2023-05-21 01:46:56', '2023-05-21 01:46:56', 45, 48),
(346, 12, '2023-05-21 01:46:56', '2023-05-21 01:46:56', 46, 49),
(347, 11, '2023-05-21 01:46:56', '2023-05-21 01:46:56', 47, 50),
(348, 9, '2023-05-21 01:46:56', '2023-05-21 01:46:56', 48, 51),
(349, 14, '2023-05-21 01:46:56', '2023-05-21 01:46:56', 49, 52),
(350, 13, '2023-05-21 01:46:56', '2023-05-21 01:46:56', 50, 53),
(351, 14, '2023-05-21 01:46:56', '2023-05-21 01:46:56', 51, 54),
(352, 10, '2023-05-21 01:46:56', '2023-05-21 01:46:56', 52, 55),
(353, 10, '2023-05-21 01:46:56', '2023-05-21 01:46:56', 53, 56),
(354, 8, '2023-05-21 01:46:56', '2023-05-21 01:46:56', 54, 57),
(355, 12, '2023-05-21 01:46:56', '2023-05-21 01:46:56', 55, 58),
(356, 10, '2023-05-21 01:46:56', '2023-05-21 01:46:56', 56, 59),
(357, 9, '2023-05-21 01:46:56', '2023-05-21 01:46:56', 57, 60),
(358, 7, '2023-05-21 01:46:56', '2023-05-21 01:46:56', 58, 61),
(359, 5, '2023-05-21 01:46:56', '2023-05-21 01:46:56', 59, 62),
(360, 12, '2023-05-21 01:46:56', '2023-05-21 01:46:56', 60, 63),
(361, 8, '2023-05-21 01:46:56', '2023-05-21 01:46:56', 61, 64),
(362, 12, '2023-05-21 01:46:56', '2023-05-21 01:46:56', 62, 65),
(363, 11, '2023-05-21 01:46:56', '2023-05-21 01:46:56', 63, 66),
(364, 6, '2023-05-21 01:46:56', '2023-05-21 01:46:56', 64, 67),
(365, 7, '2023-05-21 01:46:56', '2023-05-21 01:46:56', 65, 68),
(366, 9, '2023-05-21 01:46:56', '2023-05-21 01:46:56', 66, 69),
(367, 8, '2023-05-21 01:46:56', '2023-05-21 01:46:56', 67, 70),
(368, 8, '2023-05-21 01:46:56', '2023-05-21 01:46:56', 68, 71),
(369, 7, '2023-05-21 01:46:56', '2023-05-21 01:46:56', 69, 72),
(370, 14, '2023-05-21 01:46:56', '2023-05-21 01:46:56', 70, 73),
(371, 8, '2023-05-21 01:46:56', '2023-05-21 01:46:56', 71, 74),
(372, 7, '2023-05-21 01:46:56', '2023-05-21 01:46:56', 72, 75),
(373, 7, '2023-05-21 01:46:56', '2023-05-21 01:46:56', 73, 76),
(374, 12, '2023-05-21 01:46:56', '2023-05-21 01:46:56', 74, 77),
(375, 8, '2023-05-21 01:46:56', '2023-05-21 01:46:56', 75, 78),
(376, 9, '2023-05-21 01:46:56', '2023-05-21 01:46:56', 76, 79),
(377, 13, '2023-05-21 01:46:56', '2023-05-21 01:46:56', 77, 80),
(378, 6, '2023-05-21 01:46:56', '2023-05-21 01:46:56', 78, 81),
(379, 14, '2023-05-21 01:46:56', '2023-05-21 01:46:56', 79, 82),
(380, 9, '2023-05-21 01:46:56', '2023-05-21 01:46:56', 80, 83),
(381, 13, '2023-05-21 01:46:56', '2023-05-21 01:46:56', 81, 84),
(382, 7, '2023-05-21 01:46:56', '2023-05-21 01:46:56', 82, 85),
(383, 7, '2023-05-21 01:46:56', '2023-05-21 01:46:56', 83, 86),
(384, 13, '2023-05-21 01:46:56', '2023-05-21 01:46:56', 84, 87),
(385, 11, '2023-05-21 01:46:56', '2023-05-21 01:46:56', 85, 88),
(386, 13, '2023-05-21 01:46:56', '2023-05-21 01:46:56', 86, 89),
(387, 7, '2023-05-21 01:46:56', '2023-05-21 01:46:56', 87, 90),
(388, 12, '2023-05-21 01:46:56', '2023-05-21 01:46:56', 88, 91),
(389, 9, '2023-05-21 01:46:56', '2023-05-21 01:46:56', 89, 92),
(390, 10, '2023-05-21 01:46:56', '2023-05-21 01:46:56', 90, 93),
(391, 5, '2023-05-21 01:46:56', '2023-05-21 01:46:56', 91, 94),
(392, 9, '2023-05-21 01:46:56', '2023-05-21 01:46:56', 92, 95),
(393, 13, '2023-05-21 01:46:56', '2023-05-21 01:46:56', 93, 96),
(394, 8, '2023-05-21 01:46:56', '2023-05-21 01:46:56', 94, 97),
(395, 6, '2023-05-21 01:46:56', '2023-05-21 01:46:56', 95, 98),
(396, 14, '2023-05-21 01:46:56', '2023-05-21 01:46:56', 96, 99),
(397, 10, '2023-05-21 01:46:56', '2023-05-21 01:46:56', 97, 100),
(398, 13, '2023-05-21 01:46:56', '2023-05-21 01:46:56', 98, 1),
(399, 5, '2023-05-21 01:46:56', '2023-05-21 01:46:56', 99, 2),
(400, 7, '2023-05-21 01:46:56', '2023-05-21 01:46:56', 100, 3),
(401, 9, '2023-05-21 01:46:56', '2023-05-21 01:46:56', 1, 5),
(402, 5, '2023-05-21 01:46:56', '2023-05-21 01:46:56', 2, 6),
(403, 5, '2023-05-21 01:46:56', '2023-05-21 01:46:56', 3, 7),
(404, 9, '2023-05-21 01:46:56', '2023-05-21 01:46:56', 4, 8),
(405, 13, '2023-05-21 01:46:56', '2023-05-21 01:46:56', 5, 9),
(406, 8, '2023-05-21 01:46:56', '2023-05-21 01:46:56', 6, 10),
(407, 8, '2023-05-21 01:46:56', '2023-05-21 01:46:56', 7, 11),
(408, 10, '2023-05-21 01:46:56', '2023-05-21 01:46:56', 8, 12),
(409, 5, '2023-05-21 01:46:56', '2023-05-21 01:46:56', 9, 13),
(410, 6, '2023-05-21 01:46:56', '2023-05-21 01:46:56', 10, 14),
(411, 6, '2023-05-21 01:46:56', '2023-05-21 01:46:56', 11, 15),
(412, 9, '2023-05-21 01:46:56', '2023-05-21 01:46:56', 12, 16),
(413, 12, '2023-05-21 01:46:56', '2023-05-21 01:46:56', 13, 17),
(414, 7, '2023-05-21 01:46:56', '2023-05-21 01:46:56', 14, 18),
(415, 12, '2023-05-21 01:46:56', '2023-05-21 01:46:56', 15, 19),
(416, 8, '2023-05-21 01:46:56', '2023-05-21 01:46:56', 16, 20),
(417, 13, '2023-05-21 01:46:56', '2023-05-21 01:46:56', 17, 21),
(418, 11, '2023-05-21 01:46:56', '2023-05-21 01:46:56', 18, 22),
(419, 11, '2023-05-21 01:46:56', '2023-05-21 01:46:56', 19, 23),
(420, 8, '2023-05-21 01:46:56', '2023-05-21 01:46:56', 20, 24),
(421, 13, '2023-05-21 01:46:56', '2023-05-21 01:46:56', 21, 25),
(422, 13, '2023-05-21 01:46:56', '2023-05-21 01:46:56', 22, 26),
(423, 7, '2023-05-21 01:46:56', '2023-05-21 01:46:56', 23, 27),
(424, 5, '2023-05-21 01:46:56', '2023-05-21 01:46:56', 24, 28),
(425, 10, '2023-05-21 01:46:56', '2023-05-21 01:46:56', 25, 29),
(426, 14, '2023-05-21 01:46:56', '2023-05-21 01:46:56', 26, 30),
(427, 11, '2023-05-21 01:46:56', '2023-05-21 01:46:56', 27, 31),
(428, 6, '2023-05-21 01:46:56', '2023-05-21 01:46:56', 28, 32),
(429, 6, '2023-05-21 01:46:56', '2023-05-21 01:46:56', 29, 33),
(430, 10, '2023-05-21 01:46:56', '2023-05-21 01:46:56', 30, 34),
(431, 14, '2023-05-21 01:46:56', '2023-05-21 01:46:56', 31, 35),
(432, 13, '2023-05-21 01:46:56', '2023-05-21 01:46:56', 32, 36),
(433, 11, '2023-05-21 01:46:56', '2023-05-21 01:46:56', 33, 37),
(434, 13, '2023-05-21 01:46:56', '2023-05-21 01:46:56', 34, 38),
(435, 5, '2023-05-21 01:46:56', '2023-05-21 01:46:56', 35, 39),
(436, 10, '2023-05-21 01:46:56', '2023-05-21 01:46:56', 36, 40),
(437, 5, '2023-05-21 01:46:56', '2023-05-21 01:46:56', 37, 41),
(438, 7, '2023-05-21 01:46:56', '2023-05-21 01:46:56', 38, 42),
(439, 7, '2023-05-21 01:46:56', '2023-05-21 01:46:56', 39, 43),
(440, 7, '2023-05-21 01:46:56', '2023-05-21 01:46:56', 40, 44),
(441, 12, '2023-05-21 01:46:56', '2023-05-21 01:46:56', 41, 45),
(442, 7, '2023-05-21 01:46:56', '2023-05-21 01:46:56', 42, 46),
(443, 10, '2023-05-21 01:46:56', '2023-05-21 01:46:56', 43, 47),
(444, 11, '2023-05-21 01:46:56', '2023-05-21 01:46:56', 44, 48),
(445, 6, '2023-05-21 01:46:56', '2023-05-21 01:46:56', 45, 49),
(446, 8, '2023-05-21 01:46:56', '2023-05-21 01:46:56', 46, 50),
(447, 7, '2023-05-21 01:46:56', '2023-05-21 01:46:56', 47, 51),
(448, 13, '2023-05-21 01:46:56', '2023-05-21 01:46:56', 48, 52),
(449, 9, '2023-05-21 01:46:56', '2023-05-21 01:46:56', 49, 53),
(450, 5, '2023-05-21 01:46:56', '2023-05-21 01:46:56', 50, 54),
(451, 7, '2023-05-21 01:46:56', '2023-05-21 01:46:56', 51, 55),
(452, 14, '2023-05-21 01:46:56', '2023-05-21 01:46:56', 52, 56),
(453, 6, '2023-05-21 01:46:56', '2023-05-21 01:46:56', 53, 57),
(454, 7, '2023-05-21 01:46:56', '2023-05-21 01:46:56', 54, 58),
(455, 8, '2023-05-21 01:46:56', '2023-05-21 01:46:56', 55, 59),
(456, 13, '2023-05-21 01:46:56', '2023-05-21 01:46:56', 56, 60),
(457, 8, '2023-05-21 01:46:56', '2023-05-21 01:46:56', 57, 61),
(458, 6, '2023-05-21 01:46:56', '2023-05-21 01:46:56', 58, 62),
(459, 5, '2023-05-21 01:46:56', '2023-05-21 01:46:56', 59, 63),
(460, 8, '2023-05-21 01:46:56', '2023-05-21 01:46:56', 60, 64),
(461, 9, '2023-05-21 01:46:56', '2023-05-21 01:46:56', 61, 65),
(462, 11, '2023-05-21 01:46:56', '2023-05-21 01:46:56', 62, 66),
(463, 11, '2023-05-21 01:46:56', '2023-05-21 01:46:56', 63, 67),
(464, 6, '2023-05-21 01:46:56', '2023-05-21 01:46:56', 64, 68),
(465, 13, '2023-05-21 01:46:56', '2023-05-21 01:46:56', 65, 69),
(466, 8, '2023-05-21 01:46:56', '2023-05-21 01:46:56', 66, 70),
(467, 12, '2023-05-21 01:46:56', '2023-05-21 01:46:56', 67, 71),
(468, 10, '2023-05-21 01:46:56', '2023-05-21 01:46:56', 68, 72),
(469, 5, '2023-05-21 01:46:56', '2023-05-21 01:46:56', 69, 73),
(470, 5, '2023-05-21 01:46:56', '2023-05-21 01:46:56', 70, 74),
(471, 6, '2023-05-21 01:46:56', '2023-05-21 01:46:56', 71, 75),
(472, 11, '2023-05-21 01:46:56', '2023-05-21 01:46:56', 72, 76),
(473, 7, '2023-05-21 01:46:56', '2023-05-21 01:46:56', 73, 77),
(474, 8, '2023-05-21 01:46:56', '2023-05-21 01:46:56', 74, 78),
(475, 6, '2023-05-21 01:46:56', '2023-05-21 01:46:56', 75, 79),
(476, 6, '2023-05-21 01:46:56', '2023-05-21 01:46:56', 76, 80),
(477, 8, '2023-05-21 01:46:56', '2023-05-21 01:46:56', 77, 81),
(478, 6, '2023-05-21 01:46:56', '2023-05-21 01:46:56', 78, 82),
(479, 6, '2023-05-21 01:46:56', '2023-05-21 01:46:56', 79, 83),
(480, 6, '2023-05-21 01:46:56', '2023-05-21 01:46:56', 80, 84),
(481, 12, '2023-05-21 01:46:56', '2023-05-21 01:46:56', 81, 85),
(482, 9, '2023-05-21 01:46:56', '2023-05-21 01:46:56', 82, 86),
(483, 12, '2023-05-21 01:46:56', '2023-05-21 01:46:56', 83, 87),
(484, 7, '2023-05-21 01:46:56', '2023-05-21 01:46:56', 84, 88),
(485, 7, '2023-05-21 01:46:56', '2023-05-21 01:46:56', 85, 89),
(486, 8, '2023-05-21 01:46:56', '2023-05-21 01:46:56', 86, 90),
(487, 7, '2023-05-21 01:46:56', '2023-05-21 01:46:56', 87, 91),
(488, 9, '2023-05-21 01:46:56', '2023-05-21 01:46:56', 88, 92),
(489, 10, '2023-05-21 01:46:56', '2023-05-21 01:46:56', 89, 93),
(490, 12, '2023-05-21 01:46:56', '2023-05-21 01:46:56', 90, 94),
(491, 12, '2023-05-21 01:46:56', '2023-05-21 01:46:56', 91, 95),
(492, 9, '2023-05-21 01:46:56', '2023-05-21 01:46:56', 92, 96),
(493, 13, '2023-05-21 01:46:57', '2023-05-21 01:46:57', 93, 97),
(494, 13, '2023-05-21 01:46:57', '2023-05-21 01:46:57', 94, 98),
(495, 8, '2023-05-21 01:46:57', '2023-05-21 01:46:57', 95, 99),
(496, 9, '2023-05-21 01:46:57', '2023-05-21 01:46:57', 96, 100),
(497, 10, '2023-05-21 01:46:57', '2023-05-21 01:46:57', 97, 1),
(498, 8, '2023-05-21 01:46:57', '2023-05-21 01:46:57', 98, 2),
(499, 12, '2023-05-21 01:46:57', '2023-05-21 01:46:57', 99, 3),
(500, 6, '2023-05-21 01:46:57', '2023-05-21 01:46:57', 100, 4);

-- --------------------------------------------------------

--
-- Table structure for table `products`
--

CREATE TABLE `products` (
  `id` int(11) NOT NULL,
  `product_number` varchar(255) NOT NULL,
  `name` varchar(255) NOT NULL,
  `flavor` varchar(255) NOT NULL,
  `price` int(11) NOT NULL,
  `quantity` int(11) NOT NULL,
  `image` varchar(255) NOT NULL,
  `availability` varchar(255) NOT NULL,
  `created_at` timestamp NOT NULL DEFAULT current_timestamp(),
  `updated_at` timestamp NOT NULL DEFAULT current_timestamp() ON UPDATE current_timestamp()
) ENGINE=InnoDB DEFAULT CHARSET=utf8mb4 COLLATE=utf8mb4_general_ci;

--
-- Dumping data for table `products`
--

INSERT INTO `products` (`id`, `product_number`, `name`, `flavor`, `price`, `quantity`, `image`, `availability`, `created_at`, `updated_at`) VALUES
(1, '16845870166121920', 'Danial', 'Apple cider', 20, 12, '1.png', 'Not Available', '2023-05-20 12:51:06', '2023-05-20 12:51:06'),
(2, '16845870166129103', 'Juston', 'Salted caramel', 22, 6, '2.png', 'Available', '2023-05-20 12:51:06', '2023-05-20 12:51:06'),
(3, '16845870166129905', 'Dagmar', 'Red velvet', 20, 11, '3.png', 'Available', '2023-05-20 12:51:06', '2023-05-20 12:51:06'),
(4, '16845870166122957', 'Ariel', 'Matcha', 24, 16, '4.png', 'Not Available', '2023-05-20 12:51:06', '2023-05-20 12:51:06'),
(5, '16845870166124040', 'Hollis', 'Apple cider', 25, 26, '5.png', 'Available', '2023-05-20 12:51:06', '2023-05-20 12:51:06'),
(6, '16845870166122660', 'Lorenzo', 'Peanut butter', 20, 8, '6.png', 'Not Available', '2023-05-20 12:51:06', '2023-05-20 12:51:06'),
(7, '16845870166121532', 'Mya', 'Apple cider', 23, 17, '7.png', 'Not Available', '2023-05-20 12:51:06', '2023-05-20 12:51:06'),
(8, '16845870166128889', 'Rosalia', 'Mint chocolate', 23, 26, '8.png', 'Available', '2023-05-20 12:51:06', '2023-05-20 12:51:06'),
(9, '16845870166126261', 'Dolly', 'Matcha', 22, 17, '9.png', 'Available', '2023-05-20 12:51:06', '2023-05-20 12:51:06'),
(10, '16845870166126095', 'Mariela', 'Glazed', 25, 15, '10.png', 'Available', '2023-05-20 12:51:06', '2023-05-20 12:51:06'),
(11, '16845870166128120', 'Joaquin', 'Strawberry', 20, 16, '11.png', 'Not Available', '2023-05-20 12:51:06', '2023-05-20 12:51:06'),
(12, '16845870166120577', 'Marcos', 'Powdered sugar', 25, 18, '12.png', 'Not Available', '2023-05-20 12:51:06', '2023-05-20 12:51:06'),
(13, '16845870166121686', 'Sallie', 'Glazed', 25, 24, '13.png', 'Available', '2023-05-20 12:51:06', '2023-05-20 12:51:06'),
(14, '16845870166126706', 'Kade', 'Mint chocolate', 25, 15, '14.png', 'Not Available', '2023-05-20 12:51:06', '2023-05-20 12:51:06'),
(15, '16845870166124317', 'Grayce', 'Toffee', 22, 3, '15.png', 'Available', '2023-05-20 12:51:06', '2023-05-20 12:51:06'),
(16, '16845870166122303', 'Addison', 'Red velvet', 21, 20, '16.png', 'Not Available', '2023-05-20 12:51:06', '2023-05-20 12:51:06'),
(17, '16845870166125085', 'Lilian', 'Pumpkin spice', 21, 30, '17.png', 'Available', '2023-05-20 12:51:06', '2023-05-20 12:51:06'),
(18, '16845870166129773', 'Amy', 'Toffee', 22, 22, '18.png', 'Available', '2023-05-20 12:51:06', '2023-05-20 12:51:06'),
(19, '16845870166123707', 'Raphael', 'Red velvet', 22, 16, '19.png', 'Not Available', '2023-05-20 12:51:06', '2023-05-20 12:51:06'),
(20, '16845870166121324', 'Caleb', 'Red velvet', 20, 17, '20.png', 'Available', '2023-05-20 12:51:06', '2023-05-20 12:51:06'),
(21, '16845870166129270', 'Esperanza', 'Powdered sugar', 21, 15, '21.png', 'Available', '2023-05-20 12:51:06', '2023-05-20 12:51:06'),
(22, '16845870166123578', 'Casimir', 'Vanilla', 20, 29, '22.png', 'Available', '2023-05-20 12:51:06', '2023-05-20 12:51:06'),
(23, '16845870166123934', 'Sonia', 'Peanut butter', 21, 20, '23.png', 'Available', '2023-05-20 12:51:06', '2023-05-20 12:51:06'),
(24, '16845870166124670', 'Crawford', 'Powdered sugar', 24, 15, '24.png', 'Not Available', '2023-05-20 12:51:06', '2023-05-20 12:51:06'),
(25, '16845870166125306', 'Dulce', 'Vanilla', 24, 4, '25.png', 'Not Available', '2023-05-20 12:51:06', '2023-05-20 12:51:06'),
(26, '16845870166127371', 'Shaniya', 'Glazed', 21, 30, '26.png', 'Available', '2023-05-20 12:51:06', '2023-05-20 12:51:06'),
(27, '16845870166124659', 'Percival', 'Lemon', 22, 10, '27.png', 'Available', '2023-05-20 12:51:06', '2023-05-20 12:51:06'),
(28, '16845870166124048', 'Green', 'Lemon', 20, 5, '28.png', 'Not Available', '2023-05-20 12:51:06', '2023-05-20 12:51:06'),
(29, '16845870166124897', 'Waylon', 'Pumpkin spice', 25, 23, '29.png', 'Available', '2023-05-20 12:51:06', '2023-05-20 12:51:06'),
(30, '16845870166124146', 'Trey', 'Cinnamon sugar', 20, 8, '30.png', 'Not Available', '2023-05-20 12:51:06', '2023-05-20 12:51:06'),
(31, '16845870166129520', 'Savion', 'Glazed', 23, 21, '31.png', 'Available', '2023-05-20 12:51:06', '2023-05-20 12:51:06'),
(32, '16845870166123215', 'Bethany', 'Toffee', 22, 24, '32.png', 'Not Available', '2023-05-20 12:51:06', '2023-05-20 12:51:06'),
(33, '16845870166126443', 'Fernando', 'Maple glazed', 23, 29, '33.png', 'Available', '2023-05-20 12:51:06', '2023-05-20 12:51:06'),
(34, '16845870166120136', 'Gerda', 'Cinnamon sugar', 25, 2, '34.png', 'Available', '2023-05-20 12:51:06', '2023-05-20 12:51:06'),
(35, '16845870166120277', 'Kelvin', 'Cinnamon sugar', 23, 9, '35.png', 'Not Available', '2023-05-20 12:51:06', '2023-05-20 12:51:06'),
(36, '16845870166127173', 'Gussie', 'Glazed', 25, 12, '36.png', 'Available', '2023-05-20 12:51:06', '2023-05-20 12:51:06'),
(37, '16845870166122645', 'Spencer', 'Blueberry', 25, 18, '37.png', 'Available', '2023-05-20 12:51:06', '2023-05-20 12:51:06'),
(38, '16845870166127718', 'Aliya', 'Strawberry', 23, 3, '38.png', 'Not Available', '2023-05-20 12:51:06', '2023-05-20 12:51:06'),
(39, '16845870166128568', 'Skye', 'Toffee', 20, 8, '39.png', 'Available', '2023-05-20 12:51:06', '2023-05-20 12:51:06'),
(40, '16845870166123367', 'Chasity', 'Nutella', 25, 2, '40.png', 'Not Available', '2023-05-20 12:51:06', '2023-05-20 12:51:06'),
(41, '16845870166123483', 'Kylie', 'Powdered sugar', 20, 23, '41.png', 'Available', '2023-05-20 12:51:06', '2023-05-20 12:51:06'),
(42, '16845870166129241', 'Nina', 'Vanilla', 22, 18, '42.png', 'Not Available', '2023-05-20 12:51:06', '2023-05-20 12:51:06'),
(43, '16845870166127949', 'Alene', 'Raspberry', 20, 20, '43.png', 'Available', '2023-05-20 12:51:06', '2023-05-20 12:51:06'),
(44, '16845870166123586', 'Josianne', 'Coconut', 22, 2, '44.png', 'Available', '2023-05-20 12:51:06', '2023-05-20 12:51:06'),
(45, '16845870166125565', 'Linwood', 'Raspberry', 24, 13, '45.png', 'Not Available', '2023-05-20 12:51:06', '2023-05-20 12:51:06'),
(46, '16845870166126683', 'Ryan', 'Vanilla', 20, 9, '46.png', 'Not Available', '2023-05-20 12:51:06', '2023-05-20 12:51:06'),
(47, '16845870166123835', 'Scottie', 'Blueberry', 20, 7, '47.png', 'Available', '2023-05-20 12:51:06', '2023-05-20 12:51:06'),
(48, '16845870166120061', 'Cassandra', 'Glazed', 22, 13, '48.png', 'Available', '2023-05-20 12:51:06', '2023-05-20 12:51:06'),
(49, '16845870166129309', 'Bulah', 'Mint chocolate', 24, 20, '49.png', 'Not Available', '2023-05-20 12:51:06', '2023-05-20 12:51:06'),
(50, '16845870166129652', 'Alberto', 'Maple glazed', 24, 28, '50.png', 'Not Available', '2023-05-20 12:51:06', '2023-05-20 12:51:06'),
(51, '16845870166123612', 'Ray', 'Raspberry', 23, 14, '51.png', 'Not Available', '2023-05-20 12:51:06', '2023-05-20 12:51:06'),
(52, '16845870166122780', 'Leonel', 'Apple cider', 21, 17, '52.png', 'Not Available', '2023-05-20 12:51:06', '2023-05-20 12:51:06'),
(53, '16845870166125333', 'Cicero', 'Lemon', 22, 16, '53.png', 'Not Available', '2023-05-20 12:51:06', '2023-05-20 12:51:06'),
(54, '16845870166123270', 'Dustin', 'Blueberry', 25, 27, '54.png', 'Not Available', '2023-05-20 12:51:06', '2023-05-20 12:51:06'),
(55, '16845870166122140', 'Duane', 'Red velvet', 20, 26, '55.png', 'Available', '2023-05-20 12:51:06', '2023-05-20 12:51:06'),
(56, '16845870166128209', 'Alfred', 'Apple cider', 24, 27, '56.png', 'Available', '2023-05-20 12:51:06', '2023-05-20 12:51:06'),
(57, '16845870166120047', 'Ben', 'Chocolate glazed', 23, 2, '57.png', 'Not Available', '2023-05-20 12:51:06', '2023-05-20 12:51:06'),
(58, '16845870166122396', 'Cecelia', 'Chocolate glazed', 20, 16, '58.png', 'Not Available', '2023-05-20 12:51:06', '2023-05-20 12:51:06'),
(59, '16845870166120813', 'Britney', 'Powdered sugar', 22, 27, '59.png', 'Available', '2023-05-20 12:51:06', '2023-05-20 12:51:06'),
(60, '16845870166129914', 'Blair', 'Salted caramel', 25, 4, '60.png', 'Not Available', '2023-05-20 12:51:06', '2023-05-20 12:51:06'),
(61, '16845870166122524', 'Verona', 'Toffee', 20, 14, '61.png', 'Available', '2023-05-20 12:51:06', '2023-05-20 12:51:06'),
(62, '16845870166123014', 'Julian', 'Raspberry', 22, 30, '62.png', 'Not Available', '2023-05-20 12:51:06', '2023-05-20 12:51:06'),
(63, '16845870166126196', 'Alphonso', 'Raspberry', 20, 8, '63.png', 'Not Available', '2023-05-20 12:51:06', '2023-05-20 12:51:06'),
(64, '16845870166121928', 'Orville', 'Chocolate glazed', 20, 29, '64.png', 'Not Available', '2023-05-20 12:51:06', '2023-05-20 12:51:06'),
(65, '16845870166129325', 'Dewayne', 'Maple glazed', 20, 27, '65.png', 'Not Available', '2023-05-20 12:51:06', '2023-05-20 12:51:06'),
(66, '16845870166128177', 'Willis', 'Chocolate glazed', 21, 26, '66.png', 'Available', '2023-05-20 12:51:06', '2023-05-20 12:51:06'),
(67, '16845870166132440', 'Carissa', 'Apple cider', 20, 15, '67.png', 'Not Available', '2023-05-20 12:51:06', '2023-05-20 12:51:06'),
(68, '16845870166135455', 'Tomas', 'Peanut butter', 22, 15, '68.png', 'Not Available', '2023-05-20 12:51:06', '2023-05-20 12:51:06'),
(69, '16845870166138205', 'Lyla', 'Vanilla', 25, 6, '69.png', 'Not Available', '2023-05-20 12:51:06', '2023-05-20 12:51:06'),
(70, '16845870166137029', 'Thelma', 'Glazed', 23, 19, '70.png', 'Not Available', '2023-05-20 12:51:06', '2023-05-20 12:51:06'),
(71, '16845870166130391', 'Clementina', 'Nutella', 25, 7, '71.png', 'Available', '2023-05-20 12:51:06', '2023-05-20 12:51:06'),
(72, '16845870166133050', 'Ocie', 'Lemon', 20, 5, '72.png', 'Not Available', '2023-05-20 12:51:06', '2023-05-20 12:51:06'),
(73, '16845870166137935', 'Carson', 'Mint chocolate', 23, 25, '73.png', 'Not Available', '2023-05-20 12:51:06', '2023-05-20 12:51:06'),
(74, '16845870166138569', 'Alvena', 'Strawberry', 20, 11, '74.png', 'Not Available', '2023-05-20 12:51:06', '2023-05-20 12:51:06'),
(75, '16845870166132639', 'Zaria', 'Toffee', 22, 21, '75.png', 'Not Available', '2023-05-20 12:51:06', '2023-05-20 12:51:06'),
(76, '16845870166132705', 'Jimmy', 'Powdered sugar', 24, 7, '76.png', 'Not Available', '2023-05-20 12:51:06', '2023-05-20 12:51:06'),
(77, '16845870166130239', 'Beaulah', 'Coconut', 20, 8, '77.png', 'Available', '2023-05-20 12:51:06', '2023-05-20 12:51:06'),
(78, '16845870166132151', 'Shayna', 'Powdered sugar', 21, 17, '78.png', 'Not Available', '2023-05-20 12:51:06', '2023-05-20 12:51:06'),
(79, '16845870166133337', 'Luigi', 'Glazed', 25, 14, '79.png', 'Not Available', '2023-05-20 12:51:06', '2023-05-20 12:51:06'),
(80, '16845870166137718', 'Keira', 'Cinnamon sugar', 20, 6, '80.png', 'Available', '2023-05-20 12:51:06', '2023-05-20 12:51:06'),
(81, '16845870166130133', 'Tressa', 'Cinnamon sugar', 24, 21, '81.png', 'Available', '2023-05-20 12:51:06', '2023-05-20 12:51:06'),
(82, '16845870166133373', 'Dell', 'Nutella', 22, 3, '82.png', 'Available', '2023-05-20 12:51:06', '2023-05-20 12:51:06'),
(83, '16845870166131475', 'Anahi', 'Lemon', 22, 24, '83.png', 'Not Available', '2023-05-20 12:51:06', '2023-05-20 12:51:06'),
(84, '16845870166136953', 'Wade', 'Glazed', 22, 28, '84.png', 'Not Available', '2023-05-20 12:51:06', '2023-05-20 12:51:06'),
(85, '16845870166135722', 'Eden', 'Chocolate glazed', 25, 6, '85.png', 'Available', '2023-05-20 12:51:06', '2023-05-20 12:51:06'),
(86, '16845870166137949', 'Johan', 'Vanilla', 23, 2, '86.png', 'Not Available', '2023-05-20 12:51:06', '2023-05-20 12:51:06'),
(87, '16845870166135387', 'Mireya', 'Strawberry', 25, 9, '87.png', 'Not Available', '2023-05-20 12:51:06', '2023-05-20 12:51:06'),
(88, '16845870166131373', 'Talia', 'Salted caramel', 22, 14, '88.png', 'Available', '2023-05-20 12:51:06', '2023-05-20 12:51:06'),
(89, '16845870166138944', 'Al', 'Matcha', 23, 6, '89.png', 'Not Available', '2023-05-20 12:51:06', '2023-05-20 12:51:06'),
(90, '16845870166130212', 'Leonardo', 'Chocolate glazed', 22, 12, '90.png', 'Available', '2023-05-20 12:51:06', '2023-05-20 12:51:06'),
(91, '16845870166130669', 'Theron', 'Nutella', 21, 4, '91.png', 'Available', '2023-05-20 12:51:06', '2023-05-20 12:51:06'),
(92, '16845870166139536', 'Else', 'Matcha', 24, 21, '92.png', 'Not Available', '2023-05-20 12:51:06', '2023-05-20 12:51:06'),
(93, '16845870166136887', 'Jamey', 'Glazed', 21, 20, '93.png', 'Available', '2023-05-20 12:51:06', '2023-05-20 12:51:06'),
(94, '16845870166131796', 'Johanna', 'Blueberry', 24, 13, '94.png', 'Not Available', '2023-05-20 12:51:06', '2023-05-20 12:51:06'),
(95, '16845870166135080', 'Chanelle', 'Vanilla', 21, 30, '95.png', 'Not Available', '2023-05-20 12:51:06', '2023-05-20 12:51:06'),
(96, '16845870166138191', 'Claire', 'Cinnamon sugar', 21, 20, '96.png', 'Not Available', '2023-05-20 12:51:06', '2023-05-20 12:51:06'),
(97, '16845870166135178', 'Lura', 'Lemon', 23, 6, '97.png', 'Available', '2023-05-20 12:51:06', '2023-05-20 12:51:06'),
(98, '16845870166130185', 'Catharine', 'Salted caramel', 22, 7, '98.png', 'Available', '2023-05-20 12:51:06', '2023-05-20 12:51:06'),
(99, '16845870166138097', 'David', 'Pumpkin spice', 20, 10, '99.png', 'Not Available', '2023-05-20 12:51:06', '2023-05-20 12:51:06'),
(100, '16845870166134006', 'Vito', 'Nutella', 20, 27, '100.png', 'Not Available', '2023-05-20 12:51:06', '2023-05-20 12:51:06');

-- --------------------------------------------------------

--
-- Table structure for table `settings`
--

CREATE TABLE `settings` (
  `id` int(11) NOT NULL,
  `tax` int(11) NOT NULL,
  `discount` int(11) NOT NULL,
  `accepting_order` tinyint(1) NOT NULL,
  `created_at` timestamp NOT NULL DEFAULT current_timestamp(),
  `updated_at` timestamp NOT NULL DEFAULT current_timestamp() ON UPDATE current_timestamp()
) ENGINE=InnoDB DEFAULT CHARSET=utf8mb4 COLLATE=utf8mb4_general_ci;

--
-- Dumping data for table `settings`
--

INSERT INTO `settings` (`id`, `tax`, `discount`, `accepting_order`, `created_at`, `updated_at`) VALUES
(1, 20, 20, 0, '2023-05-20 13:10:07', '2023-05-20 13:10:07');

-- --------------------------------------------------------

--
-- Table structure for table `transactions`
--

CREATE TABLE `transactions` (
  `id` int(11) NOT NULL,
  `invoice_id` varchar(255) NOT NULL,
  `note` varchar(255) NOT NULL,
  `tax` smallint(5) UNSIGNED NOT NULL,
  `discount` tinyint(3) UNSIGNED NOT NULL,
  `admin_id` int(11) DEFAULT NULL,
  `created_at` timestamp NOT NULL DEFAULT current_timestamp(),
  `updated_at` timestamp NOT NULL DEFAULT current_timestamp() ON UPDATE current_timestamp()
) ENGINE=InnoDB DEFAULT CHARSET=utf8mb4 COLLATE=utf8mb4_general_ci;

--
-- Dumping data for table `transactions`
--

INSERT INTO `transactions` (`id`, `invoice_id`, `note`, `tax`, `discount`, `admin_id`, `created_at`, `updated_at`) VALUES
(1, '16845897084420867', 'Maxime odio impedit nostrum quo nihil dicta culpa ex. Quia possimus incidunt placeat illo. Et neque ratione ex reprehenderit earum culpa sit.', 15, 20, 1, '2023-05-20 13:42:47', '2023-05-20 13:42:47'),
(2, '16845897084446992', 'Vitae nulla quibusdam. Quas inventore libero delectus nisi in a accusantium aspernatur eum. Modi reiciendis non reprehenderit culpa a maxime tempora expedita.', 15, 20, 2, '2023-05-20 13:42:47', '2023-05-20 13:42:47'),
(3, '16845897084446385', 'In est ipsum fugiat. Doloribus quos aperiam eos sed dolorem explicabo dignissimos. Doloribus praesentium voluptate explicabo totam sit dolor laboriosam sapiente. Recusandae doloremque sunt autem. Fugiat sed enim inventore voluptas accusamus qui ut. Perfer', 15, 20, 3, '2023-05-20 13:42:47', '2023-05-20 13:42:47'),
(4, '16845897084447101', 'Sequi id inventore deserunt a expedita dolor nostrum. Iste molestiae pariatur quibusdam eligendi nesciunt. Corporis optio occaecati quas non nihil aspernatur velit.', 15, 20, 4, '2023-05-20 13:42:47', '2023-05-20 13:42:47'),
(5, '16845897084447137', 'Dolores nihil sequi quia et porro adipisci explicabo voluptate. Maiores doloremque laudantium aperiam laborum explicabo aspernatur repellat quidem nostrum. Accusantium officia ad. Labore aut iste omnis facere.', 15, 20, 5, '2023-05-20 13:42:47', '2023-05-20 13:42:47'),
(6, '16845897084447166', 'Voluptatum nostrum hic illum. Optio rerum aperiam maiores dolores reiciendis. Consectetur voluptate a aspernatur harum itaque quis ab.', 15, 20, 6, '2023-05-20 13:42:47', '2023-05-20 13:42:47'),
(7, '16845897084440230', 'Fuga dicta velit porro cupiditate eveniet in. Ullam iure perferendis nulla dolorum. Consequatur velit tempore.', 15, 20, 7, '2023-05-20 13:42:47', '2023-05-20 13:42:47'),
(8, '16845897084446922', 'Libero atque mollitia eum vero explicabo. Eveniet sed nihil repellat distinctio eos blanditiis corporis adipisci. Impedit aspernatur nobis eum ab repellendus recusandae. Quos ea maiores dolores asperiores ut.', 15, 20, 8, '2023-05-20 13:42:47', '2023-05-20 13:42:47'),
(9, '16845897084445978', 'Quos pariatur officia. Omnis omnis quae nulla. Officia facilis unde exercitationem molestias nulla. Voluptate voluptas nostrum minima sequi necessitatibus corrupti non aliquid.', 15, 20, 9, '2023-05-20 13:42:47', '2023-05-20 13:42:47'),
(10, '16845897084441359', 'Id temporibus pariatur maxime veniam iusto nulla tempore saepe. Debitis consequatur dolor accusamus eum ut aut. Earum deserunt in sunt dignissimos natus. Veniam voluptate rerum.', 15, 20, 10, '2023-05-20 13:42:47', '2023-05-20 13:42:47'),
(11, '16845897084444323', 'Nemo a deleniti eos autem laborum inventore quasi a debitis. Magni dolor earum voluptatem repellendus. Itaque voluptates cupiditate magnam est similique earum eos iste reiciendis. Autem beatae labore doloremque accusamus quae commodi commodi. Error sed re', 15, 20, 11, '2023-05-20 13:42:47', '2023-05-20 13:42:47'),
(12, '16845897084448759', 'Dolor quo quas ex repellendus impedit eaque. Totam quae sunt aperiam tenetur ratione dignissimos beatae consequuntur nobis. Eveniet delectus aut cumque impedit tenetur rerum deleniti reprehenderit. Ad optio repudiandae illo iste eaque accusantium accusamu', 15, 20, 12, '2023-05-20 13:42:47', '2023-05-20 13:42:47'),
(13, '16845897084444848', 'Sit aliquam repudiandae suscipit repellendus repudiandae. Optio ab ab sequi. Iusto corrupti dolorem nobis. Sint at eum iusto cum laudantium dignissimos cum. Minima similique at consequatur minima ad.', 15, 20, 13, '2023-05-20 13:42:47', '2023-05-20 13:42:47'),
(14, '16845897084452986', 'Quasi pariatur vitae amet mollitia ad at fuga ex iure. Soluta laboriosam vero suscipit. Veritatis quasi inventore. Numquam nobis quo deleniti molestiae occaecati possimus corrupti magni. Esse harum tempora hic hic. Maxime commodi esse facilis commodi mole', 15, 20, 14, '2023-05-20 13:42:47', '2023-05-20 13:42:47'),
(15, '16845897084450259', 'Rerum in minus possimus architecto mollitia pariatur consectetur nihil molestiae. Quasi pariatur amet nulla voluptatem accusantium earum explicabo. Voluptatem libero mollitia maxime commodi distinctio itaque itaque dignissimos. Accusamus neque adipisci qu', 15, 20, 15, '2023-05-20 13:42:47', '2023-05-20 13:42:47'),
(16, '16845897084458267', 'Recusandae est recusandae quam animi officia laborum maiores repellat est. Accusamus voluptate assumenda. Consequatur impedit aperiam quas tenetur. Labore aliquid saepe animi. Similique natus exercitationem veritatis excepturi.', 15, 20, 16, '2023-05-20 13:42:47', '2023-05-20 13:42:47'),
(17, '16845897084454423', 'Quisquam quaerat quos cum unde facilis. Commodi animi aperiam omnis mollitia reiciendis molestiae. Veniam vitae delectus voluptate expedita optio ipsam. Assumenda magnam blanditiis voluptates hic consequuntur ea. Harum animi voluptas quibusdam odit. Ratio', 15, 20, 17, '2023-05-20 13:42:47', '2023-05-20 13:42:47'),
(18, '16845897084451098', 'Voluptatibus a cum amet earum quasi pariatur ipsam. Amet facere quia quidem maiores veniam laudantium. Ex nobis dignissimos. Totam neque unde in porro ullam ea. Numquam saepe eveniet aspernatur at.', 15, 20, 18, '2023-05-20 13:42:47', '2023-05-20 13:42:47'),
(19, '16845897084454883', 'Corporis quaerat illo at ullam. Libero veniam iste dolorem nobis quaerat ducimus blanditiis vitae repellendus. Molestiae blanditiis hic excepturi eaque magnam omnis temporibus similique. Perferendis quas minima sit ullam totam alias eos. Praesentium asper', 15, 20, 19, '2023-05-20 13:42:47', '2023-05-20 13:42:47'),
(20, '16845897084453439', 'A quisquam voluptatem. Eaque consequatur illo blanditiis. Maiores architecto recusandae.', 15, 20, 20, '2023-05-20 13:42:47', '2023-05-20 13:42:47'),
(21, '16845897084453486', 'Culpa consequatur veniam hic asperiores neque. Non sunt nam nostrum. Atque eius dolore fugit iure ea dignissimos modi adipisci. Dolore ea odit error blanditiis. Officia cum similique nihil dolorem atque tempora ab explicabo. Error ducimus assumenda impedi', 15, 20, 21, '2023-05-20 13:42:47', '2023-05-20 13:42:47'),
(22, '16845897084454864', 'Recusandae accusamus ipsa molestias expedita quae accusantium. Enim occaecati sed omnis ad quam quae dolorem. Totam accusamus corporis vero recusandae quod iusto ratione. Autem adipisci aut atque. Commodi labore maxime architecto odio quo non.', 15, 20, 22, '2023-05-20 13:42:47', '2023-05-20 13:42:47'),
(23, '16845897084459830', 'Nam debitis pariatur facilis error voluptate impedit sapiente a. Distinctio dolor officiis ratione eaque ipsam consectetur. Itaque quam mollitia sapiente et odio dolor. Dignissimos autem nam accusamus odit error veniam quas.', 15, 20, 23, '2023-05-20 13:42:47', '2023-05-20 13:42:47'),
(24, '16845897084452838', 'Rem et sit. Provident laborum eius libero. Eum vel eligendi consequatur. Veritatis dolorum numquam veritatis id error expedita quaerat.', 15, 20, 24, '2023-05-20 13:42:47', '2023-05-20 13:42:47'),
(25, '16845897084450035', 'Vero error aspernatur incidunt deserunt odit ducimus quisquam dolore. Sit veniam corporis assumenda eum mollitia eveniet excepturi officia perferendis. Quo consectetur animi explicabo.', 15, 20, 25, '2023-05-20 13:42:47', '2023-05-20 13:42:47'),
(26, '16845897084458732', 'Sunt illo inventore consequuntur enim exercitationem blanditiis occaecati libero quia. Qui commodi in a. Aperiam deserunt est perferendis sed beatae dicta. Iure suscipit voluptas consectetur laudantium beatae consequatur fuga quis.', 15, 20, 26, '2023-05-20 13:42:47', '2023-05-20 13:42:47'),
(27, '16845897084459867', 'Voluptatum corporis animi officiis corporis porro deserunt quasi. Quam eius neque dicta unde mollitia dicta consectetur. Necessitatibus corporis accusantium iure. Culpa quas placeat dolores tenetur voluptate nihil explicabo aliquid.', 15, 20, 27, '2023-05-20 13:42:47', '2023-05-20 13:42:47'),
(28, '16845897084468922', 'Quibusdam numquam quas. Alias tempora illum. Nulla culpa delectus a incidunt reiciendis ut illo. Sint quibusdam iusto. Vitae assumenda voluptate possimus porro magni excepturi. Voluptatem exercitationem magni excepturi sunt.', 15, 20, 28, '2023-05-20 13:42:47', '2023-05-20 13:42:47'),
(29, '16845897084469259', 'Voluptate explicabo sit nobis. Quia recusandae ipsam provident. Ipsam veritatis laborum eveniet. Excepturi fugit ab.', 15, 20, 29, '2023-05-20 13:42:47', '2023-05-20 13:42:47'),
(30, '16845897084464554', 'Blanditiis tempora distinctio. Dignissimos officia iure dolor rerum. Dolor blanditiis ab velit id. Non labore tenetur optio distinctio qui. Laudantium provident rerum totam autem nemo architecto.', 15, 20, 30, '2023-05-20 13:42:47', '2023-05-20 13:42:47'),
(31, '16845897084464332', 'Officiis optio et eius suscipit repellat dicta facilis natus inventore. Error eos similique modi. Iure dolore voluptas dignissimos expedita minima expedita. Quis dolor consequatur modi mollitia. Quaerat minima dolor.', 15, 20, 31, '2023-05-20 13:42:47', '2023-05-20 13:42:47'),
(32, '16845897084468814', 'Optio cumque incidunt beatae blanditiis. Ab quia accusantium repellat quidem amet eaque eum. Repellat nisi consectetur veritatis culpa rerum. Expedita atque harum. Sapiente doloribus praesentium nemo veniam quibusdam ad corporis.', 15, 20, 32, '2023-05-20 13:42:47', '2023-05-20 13:42:47'),
(33, '16845897084468552', 'Asperiores doloremque nihil excepturi. Accusamus tenetur alias neque. Sed a quisquam praesentium eveniet totam. Eum quod asperiores fugit officia magni animi a. Asperiores soluta consequuntur. Ullam autem voluptate nemo perspiciatis dicta beatae et harum ', 15, 20, 33, '2023-05-20 13:42:47', '2023-05-20 13:42:47'),
(34, '16845897084461471', 'Dignissimos voluptatem quis quas ducimus nesciunt. Aliquid adipisci rerum unde voluptatum qui. Nemo aliquam tempora expedita assumenda. Quam voluptas incidunt provident placeat tempore. Nisi ullam ratione harum a eaque quos facilis nulla ut. Recusandae at', 15, 20, 34, '2023-05-20 13:42:47', '2023-05-20 13:42:47'),
(35, '16845897084464592', 'Ipsum qui facilis omnis porro quam. Omnis officia aliquam facere minima repellendus. Facilis aspernatur occaecati natus ratione ad.', 15, 20, 35, '2023-05-20 13:42:47', '2023-05-20 13:42:47'),
(36, '16845897084465459', 'Vitae voluptatem harum. Aliquid expedita dolore quibusdam dicta. Reprehenderit quos rerum qui repudiandae aliquam. Fugit a enim et quisquam rem veniam vero recusandae. Vel nemo error. Sapiente culpa accusantium saepe praesentium magni veniam.', 15, 20, 36, '2023-05-20 13:42:47', '2023-05-20 13:42:47'),
(37, '16845897084463308', 'Repudiandae iusto qui impedit quos repellendus aliquid doloribus alias voluptates. Minus magnam ipsa. Earum quas blanditiis corrupti nihil excepturi possimus explicabo. Maiores quod aspernatur tempore occaecati reprehenderit. Esse quae autem vel deleniti ', 15, 20, 37, '2023-05-20 13:42:48', '2023-05-20 13:42:48'),
(38, '16845897084462772', 'Sequi repellat est qui soluta fugiat similique repellendus ea. Animi illum cumque. A fugit ullam iusto beatae dolorum eum earum similique adipisci. Corrupti quo vel. Rerum vitae asperiores ex sequi eos ipsum esse.', 15, 20, 38, '2023-05-20 13:42:48', '2023-05-20 13:42:48'),
(39, '16845897084473857', 'Aperiam in quos nisi quas illo. Deserunt qui quaerat fugit ab veniam ex dolores accusamus. Placeat libero nisi explicabo voluptates.', 15, 20, 39, '2023-05-20 13:42:48', '2023-05-20 13:42:48'),
(40, '16845897084477998', 'Amet dignissimos sed cum similique reprehenderit perferendis. Saepe modi a cumque nisi optio libero. Vitae vero commodi esse numquam iusto quod. Iste consectetur perspiciatis assumenda sint pariatur explicabo.', 15, 20, 40, '2023-05-20 13:42:48', '2023-05-20 13:42:48'),
(41, '16845897084472799', 'Quod quo adipisci assumenda adipisci vitae voluptatum. Repellat inventore ipsam excepturi quo. Temporibus commodi consequuntur.', 15, 20, 41, '2023-05-20 13:42:48', '2023-05-20 13:42:48'),
(42, '16845897084476862', 'Saepe explicabo sequi in aut aliquam vitae. Placeat iure debitis culpa ipsum fuga quas. Iure voluptatum ipsa vero esse. Quam consequuntur aperiam possimus architecto. Eligendi eius iste dolore provident autem mollitia aliquid sed cupiditate.', 15, 20, 42, '2023-05-20 13:42:48', '2023-05-20 13:42:48'),
(43, '16845897084472654', 'A eaque earum voluptate sequi culpa. Voluptates voluptatem maiores occaecati animi a impedit. Nobis sit consectetur magnam facilis facere non laborum.', 15, 20, 43, '2023-05-20 13:42:48', '2023-05-20 13:42:48'),
(44, '16845897084478074', 'Est voluptate accusantium ipsa. Odit eaque voluptatem atque. Perferendis iusto a neque quaerat. Deserunt recusandae occaecati. Culpa hic quia non aspernatur a assumenda.', 15, 20, 44, '2023-05-20 13:42:48', '2023-05-20 13:42:48'),
(45, '16845897084473286', 'Quasi exercitationem modi esse. Incidunt perferendis quas ut pariatur hic rem fugit doloribus harum. Veritatis perferendis odio repellendus recusandae expedita. Laborum consequatur ipsa consequatur perferendis libero reprehenderit. Reprehenderit quas repe', 15, 20, 45, '2023-05-20 13:42:48', '2023-05-20 13:42:48'),
(46, '16845897084475157', 'Eaque amet ut iure officia deserunt nemo ipsum. Culpa neque adipisci est aperiam vero. Repellat aliquid quos. Nulla cupiditate illo vero totam. Impedit quod sequi earum ipsa. Exercitationem temporibus temporibus.', 15, 20, 46, '2023-05-20 13:42:48', '2023-05-20 13:42:48'),
(47, '16845897084472454', 'Neque unde voluptatibus culpa voluptas quasi reiciendis fugit possimus delectus. Optio quis impedit nisi recusandae eveniet alias tempore esse. Praesentium eligendi debitis alias beatae vero quaerat voluptatibus. Illo asperiores libero nostrum magnam aspe', 15, 20, 47, '2023-05-20 13:42:48', '2023-05-20 13:42:48'),
(48, '16845897084489379', 'Neque deleniti totam voluptatem. Voluptatum consequatur iste aliquid temporibus quibusdam perspiciatis eum nihil. Minima possimus dolorum. Sit voluptatibus molestias qui eligendi ducimus eaque. Incidunt nobis quaerat. Commodi veritatis distinctio earum il', 15, 20, 48, '2023-05-20 13:42:48', '2023-05-20 13:42:48'),
(49, '16845897084481185', 'Corrupti maiores maxime eius amet. Quis sapiente maiores architecto vel doloribus culpa laborum. Deleniti eligendi dolore perferendis voluptatem exercitationem eius accusantium vel. Eum eveniet sint expedita officiis minus quasi enim iure. Mollitia numqua', 15, 20, 49, '2023-05-20 13:42:48', '2023-05-20 13:42:48'),
(50, '16845897084481238', 'Autem consectetur esse. Eligendi eveniet fuga vero provident commodi ullam mollitia quae fugit. Rerum iure beatae quas dolores.', 15, 20, 50, '2023-05-20 13:42:48', '2023-05-20 13:42:48'),
(51, '16845897084486513', 'Soluta perferendis dicta debitis praesentium laboriosam quod. Pariatur magni illo eos quae similique. Repellendus neque fugit placeat magni veritatis laborum fugit. Odio commodi temporibus ea aliquam repellendus velit.', 15, 20, 51, '2023-05-20 13:42:48', '2023-05-20 13:42:48'),
(52, '16845897084486872', 'Vero fugiat atque repellat distinctio nemo voluptatibus et. Mollitia assumenda laborum repellendus mollitia deleniti. Nesciunt corporis placeat fuga quo dolore quibusdam. Eveniet at facere necessitatibus natus assumenda consequuntur exercitationem libero.', 15, 20, 52, '2023-05-20 13:42:48', '2023-05-20 13:42:48'),
(53, '16845897084493541', 'Aliquid voluptate officiis. Explicabo alias molestiae perferendis. Rem labore possimus minus velit doloremque error. Corporis expedita fugiat quos at molestiae. Expedita quos minima.', 15, 20, 53, '2023-05-20 13:42:48', '2023-05-20 13:42:48'),
(54, '16845897084496305', 'Aperiam itaque illum aliquid quaerat voluptatem minus laborum. Totam omnis nobis numquam quibusdam. Dolores exercitationem consectetur incidunt beatae assumenda. Repudiandae pariatur quisquam aspernatur accusamus.', 15, 20, 54, '2023-05-20 13:42:48', '2023-05-20 13:42:48'),
(55, '16845897084497188', 'Sit sit est quae. Ut sequi nostrum. Porro odit similique ullam molestiae. Voluptas dolorem quia maxime atque itaque. Dolorum suscipit quo voluptates ab provident sit. Ipsa modi voluptates nostrum fugit provident veritatis repudiandae.', 15, 20, 55, '2023-05-20 13:42:48', '2023-05-20 13:42:48'),
(56, '16845897084490648', 'Earum aperiam tempore a nam occaecati assumenda quo. Eius eveniet explicabo iusto inventore cumque quos. Earum voluptatem veritatis alias facilis.', 15, 20, 56, '2023-05-20 13:42:48', '2023-05-20 13:42:48'),
(57, '16845897084492571', 'Tempora corrupti consequuntur tenetur explicabo consequuntur voluptatem occaecati aperiam incidunt. Minus expedita vitae vero suscipit harum minus sapiente asperiores officiis. Illum illum optio sint minus fuga rerum.', 15, 20, 57, '2023-05-20 13:42:48', '2023-05-20 13:42:48'),
(58, '16845897084495420', 'Iure voluptate quasi quas unde eos aspernatur minus nam possimus. Autem nam ad voluptas ut minima pariatur consectetur. Numquam sed velit exercitationem harum incidunt velit expedita. Officiis eos eum. Doloremque excepturi maxime fugit ab voluptatem saepe', 15, 20, 58, '2023-05-20 13:42:48', '2023-05-20 13:42:48'),
(59, '16845897084509855', 'Quae impedit rem dolore nemo necessitatibus molestias. Aperiam consequuntur dolorum nostrum occaecati. Mollitia ea porro in commodi dolor voluptatibus eligendi error voluptate.', 15, 20, 59, '2023-05-20 13:42:48', '2023-05-20 13:42:48'),
(60, '16845897084506426', 'Officia distinctio delectus modi maxime labore similique. Quo quam perspiciatis iste consequuntur est ducimus voluptatum. Magni facilis quia molestiae deleniti corporis eveniet. Placeat ipsa velit reprehenderit illo cumque id alias esse soluta. Quisquam n', 15, 20, 60, '2023-05-20 13:42:48', '2023-05-20 13:42:48'),
(61, '16845897084504910', 'Rerum ullam magnam rem vel dolore. Tempore corporis modi nobis perspiciatis aspernatur eos. Aspernatur minima iusto tempora tempora officia facere veritatis. Totam voluptate fugiat ratione aliquid quam.', 15, 20, 61, '2023-05-20 13:42:48', '2023-05-20 13:42:48'),
(62, '16845897084505229', 'Adipisci asperiores occaecati sed. At non consequuntur unde maxime eligendi molestiae molestiae quasi. Libero est facilis nisi praesentium alias animi vero incidunt. Magnam veniam provident nemo rerum corrupti laudantium itaque rerum fugiat. Cupiditate re', 15, 20, 62, '2023-05-20 13:42:48', '2023-05-20 13:42:48'),
(63, '16845897084506958', 'Ex sequi numquam repudiandae atque eveniet amet voluptates delectus. Molestias ratione eum a excepturi asperiores. Quae repellat quos. Optio officiis doloribus laudantium voluptatum perspiciatis velit vitae esse. Dicta voluptatum quas laudantium nobis ex.', 15, 20, 63, '2023-05-20 13:42:48', '2023-05-20 13:42:48'),
(64, '16845897084510623', 'Saepe consectetur numquam sequi at expedita consequatur aut fuga. Quaerat fugit placeat molestias nisi fuga amet explicabo. Voluptatem dolorum reprehenderit iusto eum error nostrum soluta quisquam similique.', 15, 20, 64, '2023-05-20 13:42:48', '2023-05-20 13:42:48'),
(65, '16845897084511882', 'Numquam perferendis saepe rem quisquam eos culpa. Fuga modi ullam nobis provident earum tempore. Dicta est dignissimos officiis nemo nam.', 15, 20, 65, '2023-05-20 13:42:48', '2023-05-20 13:42:48'),
(66, '16845897084516271', 'Odit odit debitis. Laudantium unde dolor voluptate quam voluptatum dolore libero. Quis dolorem quisquam minima ipsam accusamus. Quos ducimus pariatur. Repudiandae hic ut eligendi sapiente nostrum. Beatae aliquam rem placeat provident voluptatum ea.', 15, 20, 66, '2023-05-20 13:42:48', '2023-05-20 13:42:48'),
(67, '16845897084517676', 'Molestias vel ex molestias suscipit excepturi ducimus perspiciatis dicta. Consectetur quod vero qui veritatis ad perferendis vero. Explicabo velit nihil. Ab rerum ullam eum totam recusandae facilis sint. Molestias excepturi iste dolore odio quae. Aut null', 15, 20, 67, '2023-05-20 13:42:48', '2023-05-20 13:42:48'),
(68, '16845897084516948', 'Cum ut officia exercitationem id odio animi incidunt sapiente. Molestias unde recusandae minus nobis minus voluptates. Voluptatibus omnis occaecati eum dolor id. Commodi dolorem magnam recusandae quos. Dignissimos provident veritatis similique dolores ess', 15, 20, 68, '2023-05-20 13:42:48', '2023-05-20 13:42:48'),
(69, '16845897084516576', 'Eum beatae modi aspernatur beatae consectetur repellat. Hic rem libero quisquam. Optio nemo doloremque delectus impedit magnam rem.', 15, 20, 69, '2023-05-20 13:42:48', '2023-05-20 13:42:48'),
(70, '16845897084516600', 'Corrupti soluta labore at. Quisquam veniam placeat iste dolor sint doloremque eligendi dolores eum. Non modi beatae accusantium recusandae.', 15, 20, 70, '2023-05-20 13:42:48', '2023-05-20 13:42:48'),
(71, '16845897084514365', 'Eius eaque aliquid sapiente error repudiandae eos quis quaerat. Doloremque culpa quidem quis impedit. Doloremque modi deleniti harum porro facilis doloremque laborum. Quibusdam eveniet tempora provident quas ut nemo. Asperiores odit ipsam natus nemo solut', 15, 20, 71, '2023-05-20 13:42:48', '2023-05-20 13:42:48'),
(72, '16845897084515225', 'Asperiores at eius. Consequuntur neque necessitatibus pariatur assumenda labore voluptas repudiandae labore. At similique nostrum. Placeat sapiente pariatur in amet quae cumque natus facilis quis. Itaque accusantium ducimus repellendus. Voluptatum quasi q', 15, 20, 72, '2023-05-20 13:42:48', '2023-05-20 13:42:48'),
(73, '16845897084519554', 'Excepturi quaerat velit fuga voluptate. Nihil quo facere veniam et. Minima eaque commodi et eligendi. Eius quidem nulla totam hic. Praesentium quibusdam minus.', 15, 20, 73, '2023-05-20 13:42:48', '2023-05-20 13:42:48'),
(74, '16845897084516723', 'Cum expedita vero voluptates. Debitis facilis labore aliquid. Consectetur facilis quaerat eligendi laudantium minima. Minima sunt quisquam consequatur repellat pariatur quam unde repellat eos. Dolorem minima ad quo voluptates alias ipsum.', 15, 20, 74, '2023-05-20 13:42:48', '2023-05-20 13:42:48'),
(75, '16845897084511439', 'Voluptas recusandae voluptatum. Assumenda sint aliquid necessitatibus corrupti accusantium necessitatibus id praesentium officiis. Dolores debitis cum. Ullam iusto itaque. Vitae facilis ipsum. Reiciendis ab explicabo magnam impedit.', 15, 20, 75, '2023-05-20 13:42:48', '2023-05-20 13:42:48'),
(76, '16845897084512824', 'Nisi mollitia tempore magnam dignissimos. Nisi voluptate perferendis repellendus porro reiciendis eligendi maiores ex. Minus minima ratione perferendis nemo cupiditate consectetur rem tempora. Exercitationem accusamus dolorum veritatis corporis quasi sequ', 15, 20, 76, '2023-05-20 13:42:48', '2023-05-20 13:42:48'),
(77, '16845897084519323', 'Qui quibusdam reiciendis in adipisci molestiae. Ea rem dolorum corrupti facere quaerat reprehenderit voluptatibus. Perferendis illum incidunt dolore accusantium cumque. Quod asperiores quis incidunt nobis accusamus explicabo nisi hic.', 15, 20, 77, '2023-05-20 13:42:48', '2023-05-20 13:42:48'),
(78, '16845897084514686', 'Labore cupiditate sequi minus rem magni eligendi a cupiditate. Sapiente velit quibusdam modi ab aliquid odit dolor hic. Inventore atque eum sint repellendus. Accusantium eius non at id voluptate dolorum. Assumenda sit non consectetur voluptas suscipit sit', 15, 20, 78, '2023-05-20 13:42:48', '2023-05-20 13:42:48'),
(79, '16845897084514294', 'Omnis fugiat ipsa. At voluptatem praesentium quisquam dolor. Rem corrupti beatae.', 15, 20, 79, '2023-05-20 13:42:48', '2023-05-20 13:42:48'),
(80, '16845897084517353', 'Repellendus vitae nobis. Cum consequuntur consequatur ut vero blanditiis. Quae voluptatum unde accusamus repellat quia molestiae facilis. Ipsa veniam ratione reiciendis eligendi. Eveniet voluptatem porro laudantium ducimus quo dicta. Facilis dolorem dicta', 15, 20, 80, '2023-05-20 13:42:48', '2023-05-20 13:42:48'),
(81, '16845897084510872', 'Vitae quod omnis atque. Libero dicta molestias reprehenderit. Natus labore amet est voluptatum pariatur dolores. Veniam tempora maxime est numquam et animi modi quis. Dignissimos dolorem reprehenderit. Aspernatur omnis consequuntur occaecati accusamus sim', 15, 20, 81, '2023-05-20 13:42:48', '2023-05-20 13:42:48'),
(82, '16845897084516710', 'Accusamus esse accusantium itaque sunt officia ducimus modi ipsum. Vitae consequuntur placeat tempora. Reiciendis aliquid modi saepe pariatur est alias maxime.', 15, 20, 82, '2023-05-20 13:42:48', '2023-05-20 13:42:48'),
(83, '16845897084520897', 'Quam totam voluptatibus ipsum. Nemo hic debitis recusandae delectus dolores eos. Quaerat sapiente corrupti voluptates officia.', 15, 20, 83, '2023-05-20 13:42:48', '2023-05-20 13:42:48'),
(84, '16845897084520110', 'Ullam eum tenetur earum aliquid ipsam hic doloremque officia. Sed nam quasi repudiandae porro assumenda excepturi labore dolor. Rem quis optio. Consequuntur sunt tenetur necessitatibus beatae repellendus. Officiis accusantium fugiat iure cumque esse. Temp', 15, 20, 84, '2023-05-20 13:42:48', '2023-05-20 13:42:48'),
(85, '16845897084526105', 'Dignissimos nesciunt culpa dignissimos. Molestiae aperiam at vel nemo illum hic inventore. Culpa sequi totam quasi eligendi ex vitae ea. Minima ipsa eos suscipit debitis ducimus vel officiis ad recusandae. Eum doloremque minus optio quos eum facere odio u', 15, 20, 85, '2023-05-20 13:42:48', '2023-05-20 13:42:48'),
(86, '16845897084522856', 'Voluptatum tenetur occaecati nulla dolorum delectus. Similique accusantium velit ipsa consequatur illum aspernatur ipsa voluptatum occaecati. Corrupti exercitationem quasi repellendus quidem nulla aut voluptatem. Soluta occaecati dolores.', 15, 20, 86, '2023-05-20 13:42:48', '2023-05-20 13:42:48'),
(87, '16845897084525989', 'Aliquid distinctio perferendis magnam. Neque odit dolor ad possimus quam unde ipsam officiis. Dolorem reiciendis nisi natus commodi consectetur. Delectus explicabo inventore. Neque cupiditate delectus in optio optio facere praesentium aspernatur. Blanditi', 15, 20, 87, '2023-05-20 13:42:48', '2023-05-20 13:42:48'),
(88, '16845897084529922', 'Minus ipsum facilis velit veniam blanditiis corporis magnam explicabo modi. Optio amet quibusdam expedita deserunt fuga officiis. Nulla vero voluptatibus voluptatum molestiae ipsa. Unde sed harum.', 15, 20, 88, '2023-05-20 13:42:48', '2023-05-20 13:42:48'),
(89, '16845897084533127', 'Voluptatem deleniti assumenda eos veritatis maiores. Laudantium harum repudiandae quidem dolore nemo in. Aspernatur ipsum earum maxime id quod.', 15, 20, 89, '2023-05-20 13:42:48', '2023-05-20 13:42:48'),
(90, '16845897084541315', 'Consequuntur officia ullam natus quibusdam. Quae architecto assumenda nobis. Officia porro vero quo neque expedita repudiandae.', 15, 20, 90, '2023-05-20 13:42:48', '2023-05-20 13:42:48'),
(91, '16845897084544728', 'Aliquid maiores commodi dolores reprehenderit consequuntur voluptas. Quasi cupiditate quam assumenda. Eum ratione consequuntur occaecati dolorem. Et deleniti culpa. Perferendis vitae est delectus nesciunt veritatis ullam saepe sint.', 15, 20, 91, '2023-05-20 13:42:48', '2023-05-20 13:42:48'),
(92, '16845897084546172', 'Repellat expedita eius doloremque et. Quibusdam quo tempora cupiditate molestiae ab. Quisquam inventore culpa iure ratione vel suscipit. Iusto exercitationem impedit eum temporibus nihil non sunt. Cum commodi quis illo repellendus architecto animi odit mo', 15, 20, 92, '2023-05-20 13:42:48', '2023-05-20 13:42:48'),
(93, '16845897084546605', 'Quasi asperiores asperiores sed corrupti impedit molestiae officia. Nemo assumenda deserunt ducimus. Neque repellat veritatis illum doloribus. Repellendus id occaecati eligendi aut id sed fugiat. Beatae minima asperiores amet minus alias nam. Provident cu', 15, 20, 93, '2023-05-20 13:42:48', '2023-05-20 13:42:48'),
(94, '16845897084548395', 'Sint ea debitis molestiae eos aliquid vero a voluptatum. Itaque totam ducimus necessitatibus consectetur atque eligendi maiores neque. Commodi minima reiciendis minus.', 15, 20, 94, '2023-05-20 13:42:48', '2023-05-20 13:42:48'),
(95, '16845897084540706', 'Sequi quis fugit error ad. Ad quibusdam deserunt blanditiis omnis maxime atque molestiae. Sint tempora reprehenderit ut perspiciatis. Deserunt velit esse aut perspiciatis fugiat optio atque veniam distinctio.', 15, 20, 95, '2023-05-20 13:42:48', '2023-05-20 13:42:48'),
(96, '16845897084556698', 'Debitis rem mollitia quisquam dolorum aliquam ea. Magnam doloribus aspernatur odit. Cupiditate accusamus repellendus aut voluptatum nesciunt. Hic unde hic earum eos ratione dolorem tenetur quam eos. Excepturi delectus aut nesciunt consequuntur laborum nes', 15, 20, 96, '2023-05-20 13:42:48', '2023-05-20 13:42:48'),
(97, '16845897084552216', 'Neque dicta at. Suscipit unde quis repudiandae in minus sint. Dolore sit possimus distinctio numquam non quis a. At officiis harum dignissimos quibusdam rem libero aliquam reiciendis. Rem mollitia minima consectetur rem fugit.', 15, 20, 97, '2023-05-20 13:42:48', '2023-05-20 13:42:48'),
(98, '16845897084553255', 'Qui dolorum ut. Sapiente vero maxime totam doloremque a esse modi. Expedita maxime quia sint. Corrupti accusantium placeat.', 15, 20, 98, '2023-05-20 13:42:48', '2023-05-20 13:42:48'),
(99, '16845897084556635', 'Iste quidem in incidunt. Consectetur libero deserunt officia accusamus ratione libero cumque quidem atque. Nostrum provident voluptate.', 15, 20, 99, '2023-05-20 13:42:48', '2023-05-20 13:42:48'),
(100, '16845897084558262', 'Officiis tempora fugiat illum nam quae eveniet harum tenetur voluptate. Consectetur corporis ipsum dolor optio sint esse iusto non modi. Eaque quas facere illum magni nam quam. Eum ab beatae debitis repellat.', 15, 20, 100, '2023-05-20 13:42:48', '2023-05-20 13:42:48');

-- --------------------------------------------------------

--
-- Table structure for table `transaction_items`
--

CREATE TABLE `transaction_items` (
  `id` int(11) NOT NULL,
  `quantity` int(11) NOT NULL,
  `created_at` timestamp NOT NULL DEFAULT current_timestamp(),
  `updated_at` timestamp NOT NULL DEFAULT current_timestamp() ON UPDATE current_timestamp(),
  `transaction_id` int(11) NOT NULL,
  `product_id` int(11) NOT NULL
) ENGINE=InnoDB DEFAULT CHARSET=utf8mb4 COLLATE=utf8mb4_general_ci;

--
-- Dumping data for table `transaction_items`
--

INSERT INTO `transaction_items` (`id`, `quantity`, `created_at`, `updated_at`, `transaction_id`, `product_id`) VALUES
(1, 5, '2023-05-20 13:52:04', '2023-05-20 13:52:04', 1, 1),
(2, 7, '2023-05-20 13:52:04', '2023-05-20 13:52:04', 2, 2),
(3, 2, '2023-05-20 13:52:04', '2023-05-20 13:52:04', 3, 3),
(4, 4, '2023-05-20 13:52:04', '2023-05-20 13:52:04', 4, 4),
(5, 4, '2023-05-20 13:52:04', '2023-05-20 13:52:04', 5, 5),
(6, 7, '2023-05-20 13:52:04', '2023-05-20 13:52:04', 6, 6),
(7, 7, '2023-05-20 13:52:04', '2023-05-20 13:52:04', 7, 7),
(8, 2, '2023-05-20 13:52:04', '2023-05-20 13:52:04', 8, 8),
(9, 8, '2023-05-20 13:52:04', '2023-05-20 13:52:04', 9, 9),
(10, 9, '2023-05-20 13:52:04', '2023-05-20 13:52:04', 10, 10),
(11, 1, '2023-05-20 13:52:04', '2023-05-20 13:52:04', 11, 11),
(12, 1, '2023-05-20 13:52:04', '2023-05-20 13:52:04', 12, 12),
(13, 7, '2023-05-20 13:52:04', '2023-05-20 13:52:04', 13, 13),
(14, 4, '2023-05-20 13:52:04', '2023-05-20 13:52:04', 14, 14),
(15, 2, '2023-05-20 13:52:04', '2023-05-20 13:52:04', 15, 15),
(16, 2, '2023-05-20 13:52:04', '2023-05-20 13:52:04', 16, 16),
(17, 4, '2023-05-20 13:52:04', '2023-05-20 13:52:04', 17, 17),
(18, 2, '2023-05-20 13:52:04', '2023-05-20 13:52:04', 18, 18),
(19, 5, '2023-05-20 13:52:04', '2023-05-20 13:52:04', 19, 19),
(20, 5, '2023-05-20 13:52:04', '2023-05-20 13:53:58', 20, 20),
(21, 9, '2023-05-20 13:52:04', '2023-05-20 13:52:04', 21, 21),
(22, 9, '2023-05-20 13:52:04', '2023-05-20 13:52:04', 22, 22),
(23, 9, '2023-05-20 13:52:04', '2023-05-20 13:52:04', 23, 23),
(24, 5, '2023-05-20 13:52:04', '2023-05-20 13:52:04', 24, 24),
(25, 5, '2023-05-20 13:52:04', '2023-05-20 13:53:58', 25, 25),
(26, 4, '2023-05-20 13:52:04', '2023-05-20 13:52:04', 26, 26),
(27, 1, '2023-05-20 13:52:04', '2023-05-20 13:52:04', 27, 27),
(28, 6, '2023-05-20 13:52:04', '2023-05-20 13:52:04', 28, 28),
(29, 8, '2023-05-20 13:52:04', '2023-05-20 13:52:04', 29, 29),
(30, 8, '2023-05-20 13:52:04', '2023-05-20 13:52:04', 30, 30),
(31, 3, '2023-05-20 13:52:04', '2023-05-20 13:52:04', 31, 31),
(32, 6, '2023-05-20 13:52:04', '2023-05-20 13:52:04', 32, 32),
(33, 7, '2023-05-20 13:52:04', '2023-05-20 13:52:04', 33, 33),
(34, 4, '2023-05-20 13:52:04', '2023-05-20 13:52:04', 34, 34),
(35, 7, '2023-05-20 13:52:04', '2023-05-20 13:52:04', 35, 35),
(36, 6, '2023-05-20 13:52:04', '2023-05-20 13:52:04', 36, 36),
(37, 1, '2023-05-20 13:52:04', '2023-05-20 13:52:04', 37, 37),
(38, 5, '2023-05-20 13:52:04', '2023-05-20 13:52:04', 38, 38),
(39, 2, '2023-05-20 13:52:04', '2023-05-20 13:52:04', 39, 39),
(40, 8, '2023-05-20 13:52:04', '2023-05-20 13:52:04', 40, 40),
(41, 6, '2023-05-20 13:52:04', '2023-05-20 13:52:04', 41, 41),
(42, 1, '2023-05-20 13:52:04', '2023-05-20 13:52:04', 42, 42),
(43, 1, '2023-05-20 13:52:04', '2023-05-20 13:52:04', 43, 43),
(44, 4, '2023-05-20 13:52:04', '2023-05-20 13:52:04', 44, 44),
(45, 3, '2023-05-20 13:52:04', '2023-05-20 13:52:04', 45, 45),
(46, 7, '2023-05-20 13:52:04', '2023-05-20 13:52:04', 46, 46),
(47, 9, '2023-05-20 13:52:04', '2023-05-20 13:52:04', 47, 47),
(48, 5, '2023-05-20 13:52:04', '2023-05-20 13:52:04', 48, 48),
(49, 9, '2023-05-20 13:52:04', '2023-05-20 13:52:04', 49, 49),
(50, 5, '2023-05-20 13:52:04', '2023-05-20 13:52:04', 50, 50),
(51, 6, '2023-05-20 13:52:04', '2023-05-20 13:52:04', 51, 51),
(52, 8, '2023-05-20 13:52:04', '2023-05-20 13:52:04', 52, 52),
(53, 7, '2023-05-20 13:52:04', '2023-05-20 13:52:04', 53, 53),
(54, 9, '2023-05-20 13:52:04', '2023-05-20 13:52:04', 54, 54),
(55, 5, '2023-05-20 13:52:04', '2023-05-20 13:52:04', 55, 55),
(56, 9, '2023-05-20 13:52:04', '2023-05-20 13:52:04', 56, 56),
(57, 1, '2023-05-20 13:52:04', '2023-05-20 13:52:04', 57, 57),
(58, 4, '2023-05-20 13:52:04', '2023-05-20 13:52:04', 58, 58),
(59, 1, '2023-05-20 13:52:04', '2023-05-20 13:52:04', 59, 59),
(60, 5, '2023-05-20 13:52:04', '2023-05-20 13:52:04', 60, 60),
(61, 5, '2023-05-20 13:52:04', '2023-05-20 13:53:58', 61, 61),
(62, 4, '2023-05-20 13:52:04', '2023-05-20 13:52:04', 62, 62),
(63, 1, '2023-05-20 13:52:04', '2023-05-20 13:52:04', 63, 63),
(64, 8, '2023-05-20 13:52:04', '2023-05-20 13:52:04', 64, 64),
(65, 5, '2023-05-20 13:52:04', '2023-05-20 13:52:04', 65, 65),
(66, 8, '2023-05-20 13:52:04', '2023-05-20 13:52:04', 66, 66),
(67, 3, '2023-05-20 13:52:04', '2023-05-20 13:52:04', 67, 67),
(68, 9, '2023-05-20 13:52:04', '2023-05-20 13:52:04', 68, 68),
(69, 1, '2023-05-20 13:52:04', '2023-05-20 13:52:04', 69, 69),
(70, 7, '2023-05-20 13:52:04', '2023-05-20 13:52:04', 70, 70),
(71, 7, '2023-05-20 13:52:04', '2023-05-20 13:52:04', 71, 71),
(72, 7, '2023-05-20 13:52:04', '2023-05-20 13:52:04', 72, 72),
(73, 7, '2023-05-20 13:52:04', '2023-05-20 13:52:04', 73, 73),
(74, 6, '2023-05-20 13:52:04', '2023-05-20 13:52:04', 74, 74),
(75, 7, '2023-05-20 13:52:04', '2023-05-20 13:52:04', 75, 75),
(76, 2, '2023-05-20 13:52:04', '2023-05-20 13:52:04', 76, 76),
(77, 8, '2023-05-20 13:52:04', '2023-05-20 13:52:04', 77, 77),
(78, 8, '2023-05-20 13:52:04', '2023-05-20 13:52:04', 78, 78),
(79, 3, '2023-05-20 13:52:04', '2023-05-20 13:52:04', 79, 79),
(80, 9, '2023-05-20 13:52:04', '2023-05-20 13:52:04', 80, 80),
(81, 1, '2023-05-20 13:52:04', '2023-05-20 13:52:04', 81, 81),
(82, 1, '2023-05-20 13:52:04', '2023-05-20 13:52:04', 82, 82),
(83, 3, '2023-05-20 13:52:04', '2023-05-20 13:52:04', 83, 83),
(84, 3, '2023-05-20 13:52:04', '2023-05-20 13:52:04', 84, 84),
(85, 7, '2023-05-20 13:52:04', '2023-05-20 13:52:04', 85, 85),
(86, 4, '2023-05-20 13:52:04', '2023-05-20 13:52:04', 86, 86),
(87, 8, '2023-05-20 13:52:04', '2023-05-20 13:52:04', 87, 87),
(88, 6, '2023-05-20 13:52:04', '2023-05-20 13:52:04', 88, 88),
(89, 3, '2023-05-20 13:52:04', '2023-05-20 13:52:04', 89, 89),
(90, 6, '2023-05-20 13:52:04', '2023-05-20 13:52:04', 90, 90),
(91, 5, '2023-05-20 13:52:04', '2023-05-20 13:53:58', 91, 91),
(92, 5, '2023-05-20 13:52:04', '2023-05-20 13:53:58', 92, 92),
(93, 9, '2023-05-20 13:52:04', '2023-05-20 13:52:04', 93, 93),
(94, 4, '2023-05-20 13:52:04', '2023-05-20 13:52:04', 94, 94),
(95, 4, '2023-05-20 13:52:04', '2023-05-20 13:52:04', 95, 95),
(96, 3, '2023-05-20 13:52:04', '2023-05-20 13:52:04', 96, 96),
(97, 4, '2023-05-20 13:52:04', '2023-05-20 13:52:04', 97, 97),
(98, 5, '2023-05-20 13:52:04', '2023-05-20 13:53:58', 98, 98),
(99, 3, '2023-05-20 13:52:04', '2023-05-20 13:52:04', 99, 99),
(100, 3, '2023-05-20 13:52:04', '2023-05-20 13:52:04', 100, 100),
(101, 1, '2023-05-20 13:52:37', '2023-05-20 13:52:37', 1, 2),
(102, 3, '2023-05-20 13:52:37', '2023-05-20 13:52:37', 2, 3),
(103, 5, '2023-05-20 13:52:37', '2023-05-20 13:52:37', 3, 4),
(104, 5, '2023-05-20 13:52:37', '2023-05-20 13:53:58', 4, 5),
(105, 9, '2023-05-20 13:52:37', '2023-05-20 13:52:37', 5, 6),
(106, 2, '2023-05-20 13:52:37', '2023-05-20 13:52:37', 6, 7),
(107, 9, '2023-05-20 13:52:37', '2023-05-20 13:52:37', 7, 8),
(108, 8, '2023-05-20 13:52:37', '2023-05-20 13:52:37', 8, 9),
(109, 9, '2023-05-20 13:52:37', '2023-05-20 13:52:37', 9, 10),
(110, 4, '2023-05-20 13:52:37', '2023-05-20 13:52:37', 10, 11),
(111, 3, '2023-05-20 13:52:37', '2023-05-20 13:52:37', 11, 12),
(112, 9, '2023-05-20 13:52:37', '2023-05-20 13:52:37', 12, 13),
(113, 4, '2023-05-20 13:52:37', '2023-05-20 13:52:37', 13, 14),
(114, 7, '2023-05-20 13:52:37', '2023-05-20 13:52:37', 14, 15),
(115, 2, '2023-05-20 13:52:37', '2023-05-20 13:52:37', 15, 16),
(116, 8, '2023-05-20 13:52:37', '2023-05-20 13:52:37', 16, 17),
(117, 6, '2023-05-20 13:52:37', '2023-05-20 13:52:37', 17, 18),
(118, 2, '2023-05-20 13:52:37', '2023-05-20 13:52:37', 18, 19),
(119, 7, '2023-05-20 13:52:37', '2023-05-20 13:52:37', 19, 20),
(120, 3, '2023-05-20 13:52:37', '2023-05-20 13:52:37', 20, 21),
(121, 6, '2023-05-20 13:52:37', '2023-05-20 13:52:37', 21, 22),
(122, 5, '2023-05-20 13:52:37', '2023-05-20 13:52:37', 22, 23),
(123, 1, '2023-05-20 13:52:37', '2023-05-20 13:52:37', 23, 24),
(124, 9, '2023-05-20 13:52:37', '2023-05-20 13:52:37', 24, 25),
(125, 2, '2023-05-20 13:52:37', '2023-05-20 13:52:37', 25, 26),
(126, 1, '2023-05-20 13:52:37', '2023-05-20 13:52:37', 26, 27),
(127, 2, '2023-05-20 13:52:37', '2023-05-20 13:52:37', 27, 28),
(128, 2, '2023-05-20 13:52:37', '2023-05-20 13:52:37', 28, 29),
(129, 9, '2023-05-20 13:52:37', '2023-05-20 13:52:37', 29, 30),
(130, 3, '2023-05-20 13:52:37', '2023-05-20 13:52:37', 30, 31),
(131, 9, '2023-05-20 13:52:37', '2023-05-20 13:52:37', 31, 32),
(132, 4, '2023-05-20 13:52:37', '2023-05-20 13:52:37', 32, 33),
(133, 9, '2023-05-20 13:52:37', '2023-05-20 13:52:37', 33, 34),
(134, 3, '2023-05-20 13:52:37', '2023-05-20 13:52:37', 34, 35),
(135, 4, '2023-05-20 13:52:37', '2023-05-20 13:52:37', 35, 36),
(136, 2, '2023-05-20 13:52:37', '2023-05-20 13:52:37', 36, 37),
(137, 2, '2023-05-20 13:52:37', '2023-05-20 13:52:37', 37, 38),
(138, 5, '2023-05-20 13:52:37', '2023-05-20 13:53:58', 38, 39),
(139, 4, '2023-05-20 13:52:37', '2023-05-20 13:52:37', 39, 40),
(140, 7, '2023-05-20 13:52:37', '2023-05-20 13:52:37', 40, 41),
(141, 3, '2023-05-20 13:52:37', '2023-05-20 13:52:37', 41, 42),
(142, 5, '2023-05-20 13:52:37', '2023-05-20 13:53:58', 42, 43),
(143, 3, '2023-05-20 13:52:37', '2023-05-20 13:52:37', 43, 44),
(144, 4, '2023-05-20 13:52:37', '2023-05-20 13:52:37', 44, 45),
(145, 6, '2023-05-20 13:52:37', '2023-05-20 13:52:37', 45, 46),
(146, 3, '2023-05-20 13:52:37', '2023-05-20 13:52:37', 46, 47),
(147, 2, '2023-05-20 13:52:37', '2023-05-20 13:52:37', 47, 48),
(148, 3, '2023-05-20 13:52:37', '2023-05-20 13:52:37', 48, 49),
(149, 1, '2023-05-20 13:52:37', '2023-05-20 13:52:37', 49, 50),
(150, 1, '2023-05-20 13:52:37', '2023-05-20 13:52:37', 50, 51),
(151, 8, '2023-05-20 13:52:37', '2023-05-20 13:52:37', 51, 52),
(152, 5, '2023-05-20 13:52:37', '2023-05-20 13:53:58', 52, 53),
(153, 2, '2023-05-20 13:52:37', '2023-05-20 13:52:37', 53, 54),
(154, 4, '2023-05-20 13:52:37', '2023-05-20 13:52:37', 54, 55),
(155, 5, '2023-05-20 13:52:37', '2023-05-20 13:52:37', 55, 56),
(156, 6, '2023-05-20 13:52:37', '2023-05-20 13:52:37', 56, 57),
(157, 5, '2023-05-20 13:52:37', '2023-05-20 13:52:37', 57, 58),
(158, 1, '2023-05-20 13:52:37', '2023-05-20 13:52:37', 58, 59),
(159, 8, '2023-05-20 13:52:37', '2023-05-20 13:52:37', 59, 60),
(160, 5, '2023-05-20 13:52:37', '2023-05-20 13:53:58', 60, 61),
(161, 6, '2023-05-20 13:52:37', '2023-05-20 13:52:37', 61, 62),
(162, 7, '2023-05-20 13:52:37', '2023-05-20 13:52:37', 62, 63),
(163, 3, '2023-05-20 13:52:37', '2023-05-20 13:52:37', 63, 64),
(164, 6, '2023-05-20 13:52:37', '2023-05-20 13:52:37', 64, 65),
(165, 8, '2023-05-20 13:52:37', '2023-05-20 13:52:37', 65, 66),
(166, 9, '2023-05-20 13:52:37', '2023-05-20 13:52:37', 66, 67),
(167, 3, '2023-05-20 13:52:37', '2023-05-20 13:52:37', 67, 68),
(168, 7, '2023-05-20 13:52:37', '2023-05-20 13:52:37', 68, 69),
(169, 2, '2023-05-20 13:52:37', '2023-05-20 13:52:37', 69, 70),
(170, 7, '2023-05-20 13:52:37', '2023-05-20 13:52:37', 70, 71),
(171, 7, '2023-05-20 13:52:37', '2023-05-20 13:52:37', 71, 72),
(172, 3, '2023-05-20 13:52:37', '2023-05-20 13:52:37', 72, 73),
(173, 1, '2023-05-20 13:52:37', '2023-05-20 13:52:37', 73, 74),
(174, 9, '2023-05-20 13:52:37', '2023-05-20 13:52:37', 74, 75),
(175, 8, '2023-05-20 13:52:37', '2023-05-20 13:52:37', 75, 76),
(176, 9, '2023-05-20 13:52:37', '2023-05-20 13:52:37', 76, 77),
(177, 7, '2023-05-20 13:52:37', '2023-05-20 13:52:37', 77, 78),
(178, 4, '2023-05-20 13:52:37', '2023-05-20 13:52:37', 78, 79),
(179, 7, '2023-05-20 13:52:37', '2023-05-20 13:52:37', 79, 80),
(180, 2, '2023-05-20 13:52:37', '2023-05-20 13:52:37', 80, 81),
(181, 6, '2023-05-20 13:52:37', '2023-05-20 13:52:37', 81, 82),
(182, 2, '2023-05-20 13:52:37', '2023-05-20 13:52:37', 82, 83),
(183, 8, '2023-05-20 13:52:37', '2023-05-20 13:52:37', 83, 84),
(184, 6, '2023-05-20 13:52:37', '2023-05-20 13:52:37', 84, 85),
(185, 7, '2023-05-20 13:52:37', '2023-05-20 13:52:37', 85, 86),
(186, 6, '2023-05-20 13:52:37', '2023-05-20 13:52:37', 86, 87),
(187, 2, '2023-05-20 13:52:37', '2023-05-20 13:52:37', 87, 88),
(188, 5, '2023-05-20 13:52:37', '2023-05-20 13:53:58', 88, 89),
(189, 7, '2023-05-20 13:52:37', '2023-05-20 13:52:37', 89, 90),
(190, 4, '2023-05-20 13:52:37', '2023-05-20 13:52:37', 90, 91),
(191, 8, '2023-05-20 13:52:37', '2023-05-20 13:52:37', 91, 92),
(192, 8, '2023-05-20 13:52:37', '2023-05-20 13:52:37', 92, 93),
(193, 6, '2023-05-20 13:52:37', '2023-05-20 13:52:37', 93, 94),
(194, 1, '2023-05-20 13:52:37', '2023-05-20 13:52:37', 94, 95),
(195, 6, '2023-05-20 13:52:37', '2023-05-20 13:52:37', 95, 96),
(196, 4, '2023-05-20 13:52:37', '2023-05-20 13:52:37', 96, 97),
(197, 2, '2023-05-20 13:52:37', '2023-05-20 13:52:37', 97, 98),
(198, 4, '2023-05-20 13:52:37', '2023-05-20 13:52:37', 98, 99),
(199, 5, '2023-05-20 13:52:37', '2023-05-20 13:52:37', 99, 100),
(200, 5, '2023-05-20 13:52:37', '2023-05-20 13:52:37', 100, 1),
(201, 6, '2023-05-20 13:52:54', '2023-05-20 13:52:54', 1, 3),
(202, 3, '2023-05-20 13:52:54', '2023-05-20 13:52:54', 2, 4),
(203, 5, '2023-05-20 13:52:54', '2023-05-20 13:52:54', 3, 5),
(204, 5, '2023-05-20 13:52:54', '2023-05-20 13:53:58', 4, 6),
(205, 2, '2023-05-20 13:52:54', '2023-05-20 13:52:54', 5, 7),
(206, 7, '2023-05-20 13:52:54', '2023-05-20 13:52:54', 6, 8),
(207, 5, '2023-05-20 13:52:54', '2023-05-20 13:52:54', 7, 9),
(208, 8, '2023-05-20 13:52:54', '2023-05-20 13:52:54', 8, 10),
(209, 6, '2023-05-20 13:52:54', '2023-05-20 13:52:54', 9, 11),
(210, 5, '2023-05-20 13:52:54', '2023-05-20 13:52:54', 10, 12),
(211, 4, '2023-05-20 13:52:54', '2023-05-20 13:52:54', 11, 13),
(212, 6, '2023-05-20 13:52:54', '2023-05-20 13:52:54', 12, 14),
(213, 6, '2023-05-20 13:52:54', '2023-05-20 13:52:54', 13, 15),
(214, 6, '2023-05-20 13:52:54', '2023-05-20 13:52:54', 14, 16),
(215, 1, '2023-05-20 13:52:54', '2023-05-20 13:52:54', 15, 17),
(216, 6, '2023-05-20 13:52:54', '2023-05-20 13:52:54', 16, 18),
(217, 4, '2023-05-20 13:52:54', '2023-05-20 13:52:54', 17, 19),
(218, 1, '2023-05-20 13:52:54', '2023-05-20 13:52:54', 18, 20),
(219, 7, '2023-05-20 13:52:55', '2023-05-20 13:52:55', 19, 21),
(220, 5, '2023-05-20 13:52:55', '2023-05-20 13:52:55', 20, 22),
(221, 1, '2023-05-20 13:52:55', '2023-05-20 13:52:55', 21, 23),
(222, 1, '2023-05-20 13:52:55', '2023-05-20 13:52:55', 22, 24),
(223, 2, '2023-05-20 13:52:55', '2023-05-20 13:52:55', 23, 25),
(224, 5, '2023-05-20 13:52:55', '2023-05-20 13:53:58', 24, 26),
(225, 9, '2023-05-20 13:52:55', '2023-05-20 13:52:55', 25, 27),
(226, 5, '2023-05-20 13:52:55', '2023-05-20 13:52:55', 26, 28),
(227, 5, '2023-05-20 13:52:55', '2023-05-20 13:53:58', 27, 29),
(228, 7, '2023-05-20 13:52:55', '2023-05-20 13:52:55', 28, 30),
(229, 7, '2023-05-20 13:52:55', '2023-05-20 13:52:55', 29, 31),
(230, 4, '2023-05-20 13:52:55', '2023-05-20 13:52:55', 30, 32),
(231, 7, '2023-05-20 13:52:55', '2023-05-20 13:52:55', 31, 33),
(232, 9, '2023-05-20 13:52:55', '2023-05-20 13:52:55', 32, 34),
(233, 3, '2023-05-20 13:52:55', '2023-05-20 13:52:55', 33, 35),
(234, 5, '2023-05-20 13:52:55', '2023-05-20 13:53:58', 34, 36),
(235, 5, '2023-05-20 13:52:55', '2023-05-20 13:52:55', 35, 37),
(236, 9, '2023-05-20 13:52:55', '2023-05-20 13:52:55', 36, 38),
(237, 6, '2023-05-20 13:52:55', '2023-05-20 13:52:55', 37, 39),
(238, 4, '2023-05-20 13:52:55', '2023-05-20 13:52:55', 38, 40),
(239, 8, '2023-05-20 13:52:55', '2023-05-20 13:52:55', 39, 41),
(240, 1, '2023-05-20 13:52:55', '2023-05-20 13:52:55', 40, 42),
(241, 5, '2023-05-20 13:52:55', '2023-05-20 13:52:55', 41, 43),
(242, 7, '2023-05-20 13:52:55', '2023-05-20 13:52:55', 42, 44),
(243, 5, '2023-05-20 13:52:55', '2023-05-20 13:52:55', 43, 45),
(244, 3, '2023-05-20 13:52:55', '2023-05-20 13:52:55', 44, 46),
(245, 4, '2023-05-20 13:52:55', '2023-05-20 13:52:55', 45, 47),
(246, 1, '2023-05-20 13:52:55', '2023-05-20 13:52:55', 46, 48),
(247, 5, '2023-05-20 13:52:55', '2023-05-20 13:53:58', 47, 49),
(248, 1, '2023-05-20 13:52:55', '2023-05-20 13:52:55', 48, 50),
(249, 1, '2023-05-20 13:52:55', '2023-05-20 13:52:55', 49, 51),
(250, 3, '2023-05-20 13:52:55', '2023-05-20 13:52:55', 50, 52),
(251, 5, '2023-05-20 13:52:55', '2023-05-20 13:52:55', 51, 53),
(252, 8, '2023-05-20 13:52:55', '2023-05-20 13:52:55', 52, 54),
(253, 1, '2023-05-20 13:52:55', '2023-05-20 13:52:55', 53, 55),
(254, 3, '2023-05-20 13:52:55', '2023-05-20 13:52:55', 54, 56),
(255, 5, '2023-05-20 13:52:55', '2023-05-20 13:52:55', 55, 57),
(256, 2, '2023-05-20 13:52:55', '2023-05-20 13:52:55', 56, 58),
(257, 3, '2023-05-20 13:52:55', '2023-05-20 13:52:55', 57, 59),
(258, 2, '2023-05-20 13:52:55', '2023-05-20 13:52:55', 58, 60),
(259, 3, '2023-05-20 13:52:55', '2023-05-20 13:52:55', 59, 61),
(260, 4, '2023-05-20 13:52:55', '2023-05-20 13:52:55', 60, 62),
(261, 1, '2023-05-20 13:52:55', '2023-05-20 13:52:55', 61, 63),
(262, 9, '2023-05-20 13:52:55', '2023-05-20 13:52:55', 62, 64),
(263, 3, '2023-05-20 13:52:55', '2023-05-20 13:52:55', 63, 65),
(264, 8, '2023-05-20 13:52:55', '2023-05-20 13:52:55', 64, 66),
(265, 2, '2023-05-20 13:52:55', '2023-05-20 13:52:55', 65, 67),
(266, 4, '2023-05-20 13:52:55', '2023-05-20 13:52:55', 66, 68),
(267, 5, '2023-05-20 13:52:55', '2023-05-20 13:53:58', 67, 69),
(268, 5, '2023-05-20 13:52:55', '2023-05-20 13:52:55', 68, 70),
(269, 1, '2023-05-20 13:52:55', '2023-05-20 13:52:55', 69, 71),
(270, 5, '2023-05-20 13:52:55', '2023-05-20 13:52:55', 70, 72),
(271, 4, '2023-05-20 13:52:55', '2023-05-20 13:52:55', 71, 73),
(272, 8, '2023-05-20 13:52:55', '2023-05-20 13:52:55', 72, 74),
(273, 2, '2023-05-20 13:52:55', '2023-05-20 13:52:55', 73, 75),
(274, 7, '2023-05-20 13:52:55', '2023-05-20 13:52:55', 74, 76),
(275, 9, '2023-05-20 13:52:55', '2023-05-20 13:52:55', 75, 77),
(276, 5, '2023-05-20 13:52:55', '2023-05-20 13:53:58', 76, 78),
(277, 5, '2023-05-20 13:52:55', '2023-05-20 13:52:55', 77, 79),
(278, 4, '2023-05-20 13:52:55', '2023-05-20 13:52:55', 78, 80),
(279, 7, '2023-05-20 13:52:55', '2023-05-20 13:52:55', 79, 81),
(280, 5, '2023-05-20 13:52:55', '2023-05-20 13:52:55', 80, 82),
(281, 4, '2023-05-20 13:52:55', '2023-05-20 13:52:55', 81, 83),
(282, 7, '2023-05-20 13:52:55', '2023-05-20 13:52:55', 82, 84),
(283, 2, '2023-05-20 13:52:55', '2023-05-20 13:52:55', 83, 85),
(284, 2, '2023-05-20 13:52:55', '2023-05-20 13:52:55', 84, 86),
(285, 5, '2023-05-20 13:52:55', '2023-05-20 13:53:58', 85, 87),
(286, 5, '2023-05-20 13:52:55', '2023-05-20 13:53:58', 86, 88),
(287, 5, '2023-05-20 13:52:55', '2023-05-20 13:52:55', 87, 89),
(288, 5, '2023-05-20 13:52:55', '2023-05-20 13:53:58', 88, 90),
(289, 4, '2023-05-20 13:52:55', '2023-05-20 13:52:55', 89, 91),
(290, 6, '2023-05-20 13:52:55', '2023-05-20 13:52:55', 90, 92),
(291, 8, '2023-05-20 13:52:55', '2023-05-20 13:52:55', 91, 93),
(292, 4, '2023-05-20 13:52:55', '2023-05-20 13:52:55', 92, 94),
(293, 5, '2023-05-20 13:52:55', '2023-05-20 13:53:58', 93, 95),
(294, 5, '2023-05-20 13:52:55', '2023-05-20 13:53:58', 94, 96),
(295, 5, '2023-05-20 13:52:55', '2023-05-20 13:53:58', 95, 97),
(296, 4, '2023-05-20 13:52:55', '2023-05-20 13:52:55', 96, 98),
(297, 5, '2023-05-20 13:52:55', '2023-05-20 13:53:58', 97, 99),
(298, 5, '2023-05-20 13:52:55', '2023-05-20 13:53:58', 98, 100),
(299, 1, '2023-05-20 13:52:55', '2023-05-20 13:52:55', 99, 1),
(300, 6, '2023-05-20 13:52:55', '2023-05-20 13:52:55', 100, 2),
(301, 8, '2023-05-20 13:53:11', '2023-05-20 13:53:11', 1, 4),
(302, 7, '2023-05-20 13:53:11', '2023-05-20 13:53:11', 2, 5),
(303, 8, '2023-05-20 13:53:11', '2023-05-20 13:53:11', 3, 6),
(304, 7, '2023-05-20 13:53:11', '2023-05-20 13:53:11', 4, 7),
(305, 1, '2023-05-20 13:53:11', '2023-05-20 13:53:11', 5, 8),
(306, 8, '2023-05-20 13:53:11', '2023-05-20 13:53:11', 6, 9),
(307, 5, '2023-05-20 13:53:11', '2023-05-20 13:53:11', 7, 10),
(308, 1, '2023-05-20 13:53:11', '2023-05-20 13:53:11', 8, 11),
(309, 6, '2023-05-20 13:53:11', '2023-05-20 13:53:11', 9, 12),
(310, 9, '2023-05-20 13:53:11', '2023-05-20 13:53:11', 10, 13),
(311, 6, '2023-05-20 13:53:11', '2023-05-20 13:53:11', 11, 14),
(312, 8, '2023-05-20 13:53:11', '2023-05-20 13:53:11', 12, 15),
(313, 5, '2023-05-20 13:53:11', '2023-05-20 13:53:11', 13, 16),
(314, 6, '2023-05-20 13:53:11', '2023-05-20 13:53:11', 14, 17),
(315, 8, '2023-05-20 13:53:11', '2023-05-20 13:53:11', 15, 18),
(316, 8, '2023-05-20 13:53:11', '2023-05-20 13:53:11', 16, 19),
(317, 8, '2023-05-20 13:53:11', '2023-05-20 13:53:11', 17, 20),
(318, 4, '2023-05-20 13:53:11', '2023-05-20 13:53:11', 18, 21),
(319, 5, '2023-05-20 13:53:11', '2023-05-20 13:53:11', 19, 22),
(320, 4, '2023-05-20 13:53:11', '2023-05-20 13:53:11', 20, 23),
(321, 4, '2023-05-20 13:53:11', '2023-05-20 13:53:11', 21, 24),
(322, 9, '2023-05-20 13:53:11', '2023-05-20 13:53:11', 22, 25),
(323, 7, '2023-05-20 13:53:11', '2023-05-20 13:53:11', 23, 26),
(324, 3, '2023-05-20 13:53:11', '2023-05-20 13:53:11', 24, 27),
(325, 6, '2023-05-20 13:53:11', '2023-05-20 13:53:11', 25, 28),
(326, 8, '2023-05-20 13:53:11', '2023-05-20 13:53:11', 26, 29),
(327, 6, '2023-05-20 13:53:11', '2023-05-20 13:53:11', 27, 30),
(328, 8, '2023-05-20 13:53:11', '2023-05-20 13:53:11', 28, 31),
(329, 1, '2023-05-20 13:53:11', '2023-05-20 13:53:11', 29, 32),
(330, 2, '2023-05-20 13:53:11', '2023-05-20 13:53:11', 30, 33),
(331, 6, '2023-05-20 13:53:11', '2023-05-20 13:53:11', 31, 34),
(332, 5, '2023-05-20 13:53:11', '2023-05-20 13:53:58', 32, 35),
(333, 9, '2023-05-20 13:53:11', '2023-05-20 13:53:11', 33, 36),
(334, 8, '2023-05-20 13:53:11', '2023-05-20 13:53:11', 34, 37),
(335, 6, '2023-05-20 13:53:11', '2023-05-20 13:53:11', 35, 38),
(336, 3, '2023-05-20 13:53:11', '2023-05-20 13:53:11', 36, 39),
(337, 5, '2023-05-20 13:53:11', '2023-05-20 13:53:58', 37, 40),
(338, 6, '2023-05-20 13:53:11', '2023-05-20 13:53:11', 38, 41),
(339, 8, '2023-05-20 13:53:11', '2023-05-20 13:53:11', 39, 42),
(340, 5, '2023-05-20 13:53:11', '2023-05-20 13:53:11', 40, 43),
(341, 3, '2023-05-20 13:53:11', '2023-05-20 13:53:11', 41, 44),
(342, 3, '2023-05-20 13:53:11', '2023-05-20 13:53:11', 42, 45),
(343, 8, '2023-05-20 13:53:11', '2023-05-20 13:53:11', 43, 46),
(344, 5, '2023-05-20 13:53:11', '2023-05-20 13:53:58', 44, 47),
(345, 9, '2023-05-20 13:53:11', '2023-05-20 13:53:11', 45, 48),
(346, 3, '2023-05-20 13:53:11', '2023-05-20 13:53:11', 46, 49),
(347, 5, '2023-05-20 13:53:11', '2023-05-20 13:53:11', 47, 50),
(348, 8, '2023-05-20 13:53:11', '2023-05-20 13:53:11', 48, 51),
(349, 1, '2023-05-20 13:53:11', '2023-05-20 13:53:11', 49, 52),
(350, 5, '2023-05-20 13:53:11', '2023-05-20 13:53:11', 50, 53),
(351, 9, '2023-05-20 13:53:11', '2023-05-20 13:53:11', 51, 54),
(352, 6, '2023-05-20 13:53:11', '2023-05-20 13:53:11', 52, 55),
(353, 8, '2023-05-20 13:53:11', '2023-05-20 13:53:11', 53, 56),
(354, 7, '2023-05-20 13:53:11', '2023-05-20 13:53:11', 54, 57),
(355, 3, '2023-05-20 13:53:11', '2023-05-20 13:53:11', 55, 58),
(356, 1, '2023-05-20 13:53:11', '2023-05-20 13:53:11', 56, 59),
(357, 5, '2023-05-20 13:53:11', '2023-05-20 13:53:58', 57, 60),
(358, 8, '2023-05-20 13:53:11', '2023-05-20 13:53:11', 58, 61),
(359, 3, '2023-05-20 13:53:11', '2023-05-20 13:53:11', 59, 62),
(360, 1, '2023-05-20 13:53:11', '2023-05-20 13:53:11', 60, 63),
(361, 4, '2023-05-20 13:53:11', '2023-05-20 13:53:11', 61, 64),
(362, 9, '2023-05-20 13:53:11', '2023-05-20 13:53:11', 62, 65),
(363, 6, '2023-05-20 13:53:11', '2023-05-20 13:53:11', 63, 66),
(364, 5, '2023-05-20 13:53:11', '2023-05-20 13:53:11', 64, 67),
(365, 4, '2023-05-20 13:53:11', '2023-05-20 13:53:11', 65, 68),
(366, 1, '2023-05-20 13:53:11', '2023-05-20 13:53:11', 66, 69),
(367, 2, '2023-05-20 13:53:11', '2023-05-20 13:53:11', 67, 70),
(368, 2, '2023-05-20 13:53:11', '2023-05-20 13:53:11', 68, 71),
(369, 4, '2023-05-20 13:53:11', '2023-05-20 13:53:11', 69, 72),
(370, 6, '2023-05-20 13:53:11', '2023-05-20 13:53:11', 70, 73),
(371, 6, '2023-05-20 13:53:11', '2023-05-20 13:53:11', 71, 74),
(372, 5, '2023-05-20 13:53:11', '2023-05-20 13:53:58', 72, 75),
(373, 9, '2023-05-20 13:53:11', '2023-05-20 13:53:11', 73, 76),
(374, 5, '2023-05-20 13:53:11', '2023-05-20 13:53:58', 74, 77),
(375, 4, '2023-05-20 13:53:11', '2023-05-20 13:53:11', 75, 78),
(376, 5, '2023-05-20 13:53:11', '2023-05-20 13:53:58', 76, 79),
(377, 6, '2023-05-20 13:53:11', '2023-05-20 13:53:11', 77, 80),
(378, 5, '2023-05-20 13:53:11', '2023-05-20 13:53:58', 78, 81),
(379, 1, '2023-05-20 13:53:11', '2023-05-20 13:53:11', 79, 82),
(380, 6, '2023-05-20 13:53:11', '2023-05-20 13:53:11', 80, 83),
(381, 1, '2023-05-20 13:53:11', '2023-05-20 13:53:11', 81, 84),
(382, 7, '2023-05-20 13:53:11', '2023-05-20 13:53:11', 82, 85),
(383, 6, '2023-05-20 13:53:11', '2023-05-20 13:53:11', 83, 86),
(384, 4, '2023-05-20 13:53:11', '2023-05-20 13:53:11', 84, 87),
(385, 5, '2023-05-20 13:53:11', '2023-05-20 13:53:11', 85, 88),
(386, 5, '2023-05-20 13:53:11', '2023-05-20 13:53:58', 86, 89),
(387, 5, '2023-05-20 13:53:11', '2023-05-20 13:53:58', 87, 90),
(388, 3, '2023-05-20 13:53:11', '2023-05-20 13:53:11', 88, 91),
(389, 3, '2023-05-20 13:53:11', '2023-05-20 13:53:11', 89, 92),
(390, 1, '2023-05-20 13:53:11', '2023-05-20 13:53:11', 90, 93),
(391, 4, '2023-05-20 13:53:11', '2023-05-20 13:53:11', 91, 94),
(392, 5, '2023-05-20 13:53:11', '2023-05-20 13:53:11', 92, 95),
(393, 8, '2023-05-20 13:53:11', '2023-05-20 13:53:11', 93, 96),
(394, 5, '2023-05-20 13:53:11', '2023-05-20 13:53:11', 94, 97),
(395, 6, '2023-05-20 13:53:11', '2023-05-20 13:53:11', 95, 98),
(396, 1, '2023-05-20 13:53:11', '2023-05-20 13:53:11', 96, 99),
(397, 2, '2023-05-20 13:53:11', '2023-05-20 13:53:11', 97, 100),
(398, 7, '2023-05-20 13:53:11', '2023-05-20 13:53:11', 98, 1),
(399, 5, '2023-05-20 13:53:11', '2023-05-20 13:53:58', 99, 2),
(400, 3, '2023-05-20 13:53:11', '2023-05-20 13:53:11', 100, 3),
(401, 9, '2023-05-20 13:53:38', '2023-05-20 13:53:38', 1, 5),
(402, 8, '2023-05-20 13:53:38', '2023-05-20 13:53:38', 2, 6),
(403, 4, '2023-05-20 13:53:38', '2023-05-20 13:53:38', 3, 7),
(404, 9, '2023-05-20 13:53:38', '2023-05-20 13:53:38', 4, 8),
(405, 6, '2023-05-20 13:53:38', '2023-05-20 13:53:38', 5, 9),
(406, 8, '2023-05-20 13:53:38', '2023-05-20 13:53:38', 6, 10),
(407, 6, '2023-05-20 13:53:38', '2023-05-20 13:53:38', 7, 11),
(408, 3, '2023-05-20 13:53:38', '2023-05-20 13:53:38', 8, 12),
(409, 1, '2023-05-20 13:53:38', '2023-05-20 13:53:38', 9, 13),
(410, 2, '2023-05-20 13:53:38', '2023-05-20 13:53:38', 10, 14),
(411, 1, '2023-05-20 13:53:38', '2023-05-20 13:53:38', 11, 15),
(412, 1, '2023-05-20 13:53:38', '2023-05-20 13:53:38', 12, 16),
(413, 7, '2023-05-20 13:53:38', '2023-05-20 13:53:38', 13, 17),
(414, 1, '2023-05-20 13:53:38', '2023-05-20 13:53:38', 14, 18),
(415, 7, '2023-05-20 13:53:38', '2023-05-20 13:53:38', 15, 19),
(416, 1, '2023-05-20 13:53:38', '2023-05-20 13:53:38', 16, 20),
(417, 5, '2023-05-20 13:53:38', '2023-05-20 13:53:38', 17, 21),
(418, 9, '2023-05-20 13:53:38', '2023-05-20 13:53:38', 18, 22),
(419, 5, '2023-05-20 13:53:38', '2023-05-20 13:53:58', 19, 23),
(420, 6, '2023-05-20 13:53:38', '2023-05-20 13:53:38', 20, 24),
(421, 2, '2023-05-20 13:53:38', '2023-05-20 13:53:38', 21, 25),
(422, 4, '2023-05-20 13:53:38', '2023-05-20 13:53:38', 22, 26),
(423, 9, '2023-05-20 13:53:38', '2023-05-20 13:53:38', 23, 27),
(424, 7, '2023-05-20 13:53:38', '2023-05-20 13:53:38', 24, 28),
(425, 4, '2023-05-20 13:53:38', '2023-05-20 13:53:38', 25, 29),
(426, 5, '2023-05-20 13:53:38', '2023-05-20 13:53:38', 26, 30),
(427, 5, '2023-05-20 13:53:38', '2023-05-20 13:53:58', 27, 31),
(428, 3, '2023-05-20 13:53:38', '2023-05-20 13:53:38', 28, 32),
(429, 6, '2023-05-20 13:53:38', '2023-05-20 13:53:38', 29, 33),
(430, 1, '2023-05-20 13:53:38', '2023-05-20 13:53:38', 30, 34),
(431, 9, '2023-05-20 13:53:38', '2023-05-20 13:53:38', 31, 35),
(432, 1, '2023-05-20 13:53:38', '2023-05-20 13:53:38', 32, 36),
(433, 4, '2023-05-20 13:53:38', '2023-05-20 13:53:38', 33, 37),
(434, 7, '2023-05-20 13:53:38', '2023-05-20 13:53:38', 34, 38),
(435, 6, '2023-05-20 13:53:38', '2023-05-20 13:53:38', 35, 39),
(436, 5, '2023-05-20 13:53:38', '2023-05-20 13:53:58', 36, 40),
(437, 6, '2023-05-20 13:53:38', '2023-05-20 13:53:38', 37, 41),
(438, 3, '2023-05-20 13:53:38', '2023-05-20 13:53:38', 38, 42),
(439, 1, '2023-05-20 13:53:38', '2023-05-20 13:53:38', 39, 43),
(440, 6, '2023-05-20 13:53:38', '2023-05-20 13:53:38', 40, 44),
(441, 1, '2023-05-20 13:53:38', '2023-05-20 13:53:38', 41, 45),
(442, 5, '2023-05-20 13:53:38', '2023-05-20 13:53:58', 42, 46),
(443, 1, '2023-05-20 13:53:38', '2023-05-20 13:53:38', 43, 47),
(444, 1, '2023-05-20 13:53:38', '2023-05-20 13:53:38', 44, 48),
(445, 5, '2023-05-20 13:53:38', '2023-05-20 13:53:38', 45, 49),
(446, 1, '2023-05-20 13:53:38', '2023-05-20 13:53:38', 46, 50),
(447, 3, '2023-05-20 13:53:38', '2023-05-20 13:53:38', 47, 51),
(448, 3, '2023-05-20 13:53:38', '2023-05-20 13:53:38', 48, 52),
(449, 5, '2023-05-20 13:53:38', '2023-05-20 13:53:58', 49, 53),
(450, 4, '2023-05-20 13:53:38', '2023-05-20 13:53:38', 50, 54),
(451, 6, '2023-05-20 13:53:38', '2023-05-20 13:53:38', 51, 55),
(452, 5, '2023-05-20 13:53:38', '2023-05-20 13:53:58', 52, 56),
(453, 1, '2023-05-20 13:53:38', '2023-05-20 13:53:38', 53, 57),
(454, 5, '2023-05-20 13:53:38', '2023-05-20 13:53:58', 54, 58),
(455, 5, '2023-05-20 13:53:38', '2023-05-20 13:53:38', 55, 59),
(456, 6, '2023-05-20 13:53:38', '2023-05-20 13:53:38', 56, 60),
(457, 7, '2023-05-20 13:53:38', '2023-05-20 13:53:38', 57, 61),
(458, 6, '2023-05-20 13:53:38', '2023-05-20 13:53:38', 58, 62),
(459, 3, '2023-05-20 13:53:38', '2023-05-20 13:53:38', 59, 63),
(460, 5, '2023-05-20 13:53:38', '2023-05-20 13:53:58', 60, 64),
(461, 8, '2023-05-20 13:53:38', '2023-05-20 13:53:38', 61, 65),
(462, 1, '2023-05-20 13:53:38', '2023-05-20 13:53:38', 62, 66),
(463, 8, '2023-05-20 13:53:38', '2023-05-20 13:53:38', 63, 67),
(464, 9, '2023-05-20 13:53:38', '2023-05-20 13:53:38', 64, 68),
(465, 8, '2023-05-20 13:53:38', '2023-05-20 13:53:38', 65, 69),
(466, 7, '2023-05-20 13:53:38', '2023-05-20 13:53:38', 66, 70),
(467, 4, '2023-05-20 13:53:38', '2023-05-20 13:53:38', 67, 71),
(468, 3, '2023-05-20 13:53:38', '2023-05-20 13:53:38', 68, 72),
(469, 2, '2023-05-20 13:53:38', '2023-05-20 13:53:38', 69, 73),
(470, 7, '2023-05-20 13:53:38', '2023-05-20 13:53:38', 70, 74),
(471, 7, '2023-05-20 13:53:38', '2023-05-20 13:53:38', 71, 75),
(472, 5, '2023-05-20 13:53:38', '2023-05-20 13:53:58', 72, 76),
(473, 5, '2023-05-20 13:53:38', '2023-05-20 13:53:58', 73, 77),
(474, 5, '2023-05-20 13:53:38', '2023-05-20 13:53:58', 74, 78),
(475, 2, '2023-05-20 13:53:38', '2023-05-20 13:53:38', 75, 79),
(476, 1, '2023-05-20 13:53:38', '2023-05-20 13:53:38', 76, 80),
(477, 2, '2023-05-20 13:53:38', '2023-05-20 13:53:38', 77, 81),
(478, 5, '2023-05-20 13:53:38', '2023-05-20 13:53:58', 78, 82),
(479, 2, '2023-05-20 13:53:38', '2023-05-20 13:53:38', 79, 83),
(480, 6, '2023-05-20 13:53:38', '2023-05-20 13:53:38', 80, 84),
(481, 2, '2023-05-20 13:53:38', '2023-05-20 13:53:38', 81, 85),
(482, 1, '2023-05-20 13:53:38', '2023-05-20 13:53:38', 82, 86),
(483, 3, '2023-05-20 13:53:38', '2023-05-20 13:53:38', 83, 87),
(484, 4, '2023-05-20 13:53:38', '2023-05-20 13:53:38', 84, 88),
(485, 6, '2023-05-20 13:53:38', '2023-05-20 13:53:38', 85, 89),
(486, 7, '2023-05-20 13:53:38', '2023-05-20 13:53:38', 86, 90),
(487, 4, '2023-05-20 13:53:38', '2023-05-20 13:53:38', 87, 91),
(488, 6, '2023-05-20 13:53:38', '2023-05-20 13:53:38', 88, 92),
(489, 1, '2023-05-20 13:53:38', '2023-05-20 13:53:38', 89, 93),
(490, 3, '2023-05-20 13:53:38', '2023-05-20 13:53:38', 90, 94),
(491, 2, '2023-05-20 13:53:38', '2023-05-20 13:53:38', 91, 95),
(492, 9, '2023-05-20 13:53:38', '2023-05-20 13:53:38', 92, 96),
(493, 3, '2023-05-20 13:53:38', '2023-05-20 13:53:38', 93, 97),
(494, 2, '2023-05-20 13:53:38', '2023-05-20 13:53:38', 94, 98),
(495, 6, '2023-05-20 13:53:38', '2023-05-20 13:53:38', 95, 99),
(496, 5, '2023-05-20 13:53:38', '2023-05-20 13:53:38', 96, 100),
(497, 2, '2023-05-20 13:53:38', '2023-05-20 13:53:38', 97, 1),
(498, 4, '2023-05-20 13:53:38', '2023-05-20 13:53:38', 98, 2),
(499, 7, '2023-05-20 13:53:38', '2023-05-20 13:53:38', 99, 3),
(500, 1, '2023-05-20 13:53:38', '2023-05-20 13:53:38', 100, 4);

-- --------------------------------------------------------

--
-- Table structure for table `users`
--

CREATE TABLE `users` (
  `id` int(11) NOT NULL,
  `fullname` varchar(255) NOT NULL,
  `email` varchar(255) NOT NULL,
  `password` text DEFAULT NULL,
  `auth_provider` varchar(255) NOT NULL,
  `status` varchar(255) NOT NULL,
  `created_at` timestamp NOT NULL DEFAULT current_timestamp(),
  `updated_at` timestamp NOT NULL DEFAULT current_timestamp() ON UPDATE current_timestamp()
) ENGINE=InnoDB DEFAULT CHARSET=utf8mb4 COLLATE=utf8mb4_general_ci;

--
-- Dumping data for table `users`
--

INSERT INTO `users` (`id`, `fullname`, `email`, `password`, `auth_provider`, `status`, `created_at`, `updated_at`) VALUES
(1, 'George Wehner', 'Zella.Nienow77@hotmail.com', '$2y$10$E1VMqFkTTfNy24smxXwHxeWN4BFSKLdqs/Ed5METl235UBpk8C5RK', 'Google', 'Offline', '2023-05-20 13:08:30', '2023-05-20 13:08:30'),
(2, 'May Beier', 'Assunta24@gmail.com', '$2y$10$LGlsC5nVfw9VYrAztYoG6e6za94/3E1VDVqYh1QrixaKdWWLF.tgG', 'Github', 'Offline', '2023-05-20 13:08:30', '2023-05-20 13:08:30'),
(3, 'Michale Schoen', 'Jason.Stiedemann@gmail.com', '$2y$10$oXCj9wcjScxjxHuIceDNO.N.J1pEYKwvGyQKQ1Iz33EhsXwj/X..W', 'Google', 'Offline', '2023-05-20 13:08:30', '2023-05-20 13:08:30'),
(4, 'Quinten Kunde', 'Annie44@yahoo.com', '$2y$10$HO5WCRDAnjd/a6V3f3B7OOSx5XZQGs2YPizS30.HZqnOHQ1odm6vO', 'Github', 'Offline', '2023-05-20 13:08:30', '2023-05-20 13:08:30'),
(5, 'Josefa Paucek', 'Palma78@gmail.com', '$2y$10$6KiC9r0YBzlxP7VWT/Maf.aaKIiSZve8yKsUSE5jAnsJTpObiBj.e', 'Github', 'Offline', '2023-05-20 13:08:30', '2023-05-20 13:08:30'),
(6, 'Tressie Yost', 'Nelda_Lemke@gmail.com', '$2y$10$MHQVUmBxbC7CqtU2zAyASeB5LDbeq/zroSWuCw4g.zxU38XWhkdQW', 'Github', 'Offline', '2023-05-20 13:08:30', '2023-05-20 13:08:30'),
(7, 'Rollin Hahn', 'Everette_Johns51@hotmail.com', '$2y$10$pNTiTemse1SIpdHCJXwMnuw1IjzAQ3pVe2.nZvsLib6nP3vRmrIcm', 'Github', 'Offline', '2023-05-20 13:08:30', '2023-05-20 13:08:30'),
(8, 'Emily Macejkovic', 'Alisa_Greenfelder@yahoo.com', '$2y$10$CXDUjHQ2M7mdrI/6ntSqfeT2DaCm5TfogJdIR1.HpVS2B5jMcD7Lu', 'Credentials', 'Offline', '2023-05-20 13:08:30', '2023-05-20 13:08:30'),
(9, 'Payton Schmeler', 'Omari.Altenwerth97@gmail.com', '$2y$10$2jKbNMRK22cGHS3T2No4uuQw10e0LAgZWhGcao6O/CYvh46hFv7jC', 'Google', 'Offline', '2023-05-20 13:08:31', '2023-05-20 13:08:31'),
(10, 'Herman Konopelski', 'Madisyn.Kris20@hotmail.com', '$2y$10$MwV8MJO2JnETmueHZ4gS7OsgyaAMFjH1JHRtgMf63fDIFUsWCLCiy', 'Github', 'Offline', '2023-05-20 13:08:31', '2023-05-20 13:08:31'),
(11, 'Ardith Bahringer', 'Ransom_Dach12@gmail.com', '$2y$10$YDon40MauKoGlNC/62.4v.f18DOGbLmvNF9aBchN.UkBdetVuLAzG', 'Google', 'Offline', '2023-05-20 13:08:31', '2023-05-20 13:08:31'),
(12, 'Devyn Nikolaus', 'Tristin67@hotmail.com', '$2y$10$.tGw9H6MB7YOQhMVSSy5bOatlLxazl3I4TJW1NvGEpaWW/hKVYMO6', 'Github', 'Offline', '2023-05-20 13:08:31', '2023-05-20 13:08:31'),
(13, 'Easter OConner', 'Aniyah71@gmail.com', '$2y$10$zfC/NK81dBv25XsVrSgZ8ewj7E4qjVKFI6yxN97KTPVA84zrWOI2S', 'Credentials', 'Offline', '2023-05-20 13:08:31', '2023-05-20 13:08:31'),
(14, 'Leonard Bauch', 'Celine.Veum67@gmail.com', '$2y$10$vCZHMNkbTTabQlOGNeWOOO8TACp7kjzyHxrpW56P6zJSREqs0FR9K', 'Github', 'Offline', '2023-05-20 13:08:31', '2023-05-20 13:08:31'),
(15, 'Ethelyn Feest', 'Alana_Doyle@gmail.com', '$2y$10$Xi0dKCh4sEYU8NLvdHuMJunBR55gp4.sTWDqFdTOo4YEwX0f9XkAa', 'Credentials', 'Offline', '2023-05-20 13:08:31', '2023-05-20 13:08:31'),
(16, 'Kristopher Larkin', 'Marisa.Buckridge51@yahoo.com', '$2y$10$pb8UBcYj.N79L1i1ZGS2b.VNkxatLZvay8QAL9VddBZBYum8rkgsW', 'Facebook', 'Offline', '2023-05-20 13:08:31', '2023-05-20 13:08:31'),
(17, 'Cora Langworth', 'Hobart_Cassin76@hotmail.com', '$2y$10$ubLPw7ICX/p2.m/uIRATveZ83e2TUboxJeoa/UymbBzQ1PM8vk2Ti', 'Google', 'Offline', '2023-05-20 13:08:31', '2023-05-20 13:08:31'),
(18, 'Callie Ruecker', 'Brett42@hotmail.com', '$2y$10$R71awUi1j6uviar5mJ2ZmeLxm6lI/e9nvoRyvtxlAyHh18S.vvB/K', 'Facebook', 'Offline', '2023-05-20 13:08:31', '2023-05-20 13:08:31'),
(19, 'Gregg Jacobs', 'Herminio_Quigley@yahoo.com', '$2y$10$ujaxk0MK6/72bCQgsPr0FOMPwn/vnPixBCm9955On5mlzJE07oY/O', 'Credentials', 'Offline', '2023-05-20 13:08:31', '2023-05-20 13:08:31'),
(20, 'Brandy Gorczany', 'Eileen_Herzog31@hotmail.com', '$2y$10$rh8fc28lVhVJ8vGYtx4BAOKIJ7tIwU2Zju.psAsWAAe.Zask2Kp76', 'Google', 'Offline', '2023-05-20 13:08:31', '2023-05-20 13:08:31'),
(21, 'Lilliana Casper', 'Alverta_Cruickshank65@gmail.com', '$2y$10$1ANi6dJsAVQyon3vo9hOH.l6q.gQBoIEWUtvwuCfFB.Nrss.XQe9W', 'Google', 'Offline', '2023-05-20 13:08:32', '2023-05-20 13:08:32'),
(22, 'Beulah Schowalter', 'Kasandra51@yahoo.com', '$2y$10$O7EC7qPgw5sYeaEBwJQm3eoOV.QJEqFeb.M2jVAIVYKeqyWhNU7KG', 'Google', 'Offline', '2023-05-20 13:08:32', '2023-05-20 13:08:32'),
(23, 'Trey Abernathy', 'Cale.Upton@hotmail.com', '$2y$10$q35CeOJox6s/UU9ONajkZe48u7Axji9g/RMZ2LDbIsGNu6HJW/SxO', 'Google', 'Offline', '2023-05-20 13:08:32', '2023-05-20 13:08:32'),
(24, 'Katlynn Collier', 'Audrey_Mraz@yahoo.com', '$2y$10$/544ehtHr4Wu.EEDBur.vuGpYI2eNP2rd6FMVj5DL7rbqFhx4lVSu', 'Google', 'Offline', '2023-05-20 13:08:32', '2023-05-20 13:08:32'),
(25, 'Lydia Boyer', 'Billy_Reichel98@yahoo.com', '$2y$10$fyeFlSO6C3Pdrz3V9oPxNOjRacDZjeGPoN4/SPauXAEWG7gF63cC2', 'Google', 'Offline', '2023-05-20 13:08:32', '2023-05-20 13:08:32'),
(26, 'Duncan Langosh', 'Paxton.Trantow98@yahoo.com', '$2y$10$16WkaOe/x0C/nvDgTCDziuu7CFpbQ4qAwgIN4lmqhBkS8GCE/U2aK', 'Credentials', 'Offline', '2023-05-20 13:08:32', '2023-05-20 13:08:32'),
(27, 'Domenick Dare', 'Wilhelmine28@hotmail.com', '$2y$10$Kl.VokOpNVOiFuA5.qgai.11Fql3DbWwcnUoDiqu65yRZQ53Hm5Dq', 'Github', 'Offline', '2023-05-20 13:08:32', '2023-05-20 13:08:32'),
(28, 'Letha Konopelski', 'Giles_Ferry@gmail.com', '$2y$10$hV1.G0FYXIehNMBaf58gI.KIlKx8Auu7gnfHq1VGVEBwAeOM5E1B6', 'Credentials', 'Offline', '2023-05-20 13:08:32', '2023-05-20 13:08:32'),
(29, 'Desiree Waelchi', 'Savannah15@hotmail.com', '$2y$10$Qd3M9efjLctS.VwANVEY5O/xTqlqFePy1PLYF2FABF0kVBDXHFoYe', 'Github', 'Offline', '2023-05-20 13:08:32', '2023-05-20 13:08:32'),
(30, 'Elza Kunde', 'Paula_Bogisich81@hotmail.com', '$2y$10$XT5eC5dIhn2dgjfWyg1HiOjN.9EY/T/svzW1L/rKO/bHsFQCCR9e2', 'Credentials', 'Offline', '2023-05-20 13:08:32', '2023-05-20 13:08:32'),
(31, 'Anissa Gorczany', 'Jovanny.Ebert@gmail.com', '$2y$10$aJYO1yJivYlazTpH/FMLA.V1TpkRdNB3KCN7drzf7KTSQHhKyDn3q', 'Google', 'Offline', '2023-05-20 13:08:32', '2023-05-20 13:08:32'),
(32, 'Buster Glover', 'Michale38@gmail.com', '$2y$10$1uSnub6TNXh4TKeJ8SkR9eeIz4993U2TfrUfYzAQ5IxPUy2d6vsw6', 'Facebook', 'Offline', '2023-05-20 13:08:32', '2023-05-20 13:08:32'),
(33, 'Stewart Runte', 'Consuelo.Leuschke@hotmail.com', '$2y$10$8C8xGPxJhcMsmpUzPAG7dupP4Nse044f37fkCSTLcCfwk.QqmLPMS', 'Credentials', 'Offline', '2023-05-20 13:08:32', '2023-05-20 13:08:32'),
(34, 'Emmet Bailey', 'Hunter.Littel@gmail.com', '$2y$10$uVWcHkx4B.XVJp2gehEtMeJEIGzHxKUj1mQHoVLOWygTDStkj0oPu', 'Google', 'Offline', '2023-05-20 13:08:33', '2023-05-20 13:08:33'),
(35, 'Elisha Emmerich', 'Justice_Fisher54@hotmail.com', '$2y$10$Po3TdP1ZZ9IIJly5Yuiouu4PaRFxIM5a2.JKAK0eMi3gwfB2.uQSm', 'Google', 'Offline', '2023-05-20 13:08:33', '2023-05-20 13:08:33'),
(36, 'Magnus Turner', 'Amari20@yahoo.com', '$2y$10$b6dZMDkDwiE8cRxssi6aoOucR/TurPgsnvwXRLRMPoQTEXUw8k6Kq', 'Google', 'Offline', '2023-05-20 13:08:33', '2023-05-20 13:08:33'),
(37, 'Brown Kertzmann', 'Elnora80@hotmail.com', '$2y$10$MW7M8F3YkFuIuUC/BC61XOtui0kX5OMnoKWnAZF0fUxy1/kQ7dTMS', 'Github', 'Offline', '2023-05-20 13:08:33', '2023-05-20 13:08:33'),
(38, 'Vella Rath', 'Madilyn_Swift@yahoo.com', '$2y$10$WhTq7/edH87uuaAyUE7DjONvQeh0Crhk9Zvkluc0Kirq1WLhtfIHe', 'Github', 'Offline', '2023-05-20 13:08:33', '2023-05-20 13:08:33'),
(39, 'Samantha Farrell', 'Lucie12@yahoo.com', '$2y$10$xd1bPWNTaWuCODnOIEc7deL3GPhRUxiQqoDKxdR9yW1pOp.N9OWtu', 'Github', 'Offline', '2023-05-20 13:08:33', '2023-05-20 13:08:33'),
(40, 'Adell Brown', 'Marley_Stoltenberg@hotmail.com', '$2y$10$0vCMhk0JxFX9ZLjvP5iSpe710BJms67COMlNtLkIZmIWxAc3yka.C', 'Credentials', 'Offline', '2023-05-20 13:08:33', '2023-05-20 13:08:33'),
(41, 'Gussie McGlynn', 'Catherine_Larson42@gmail.com', '$2y$10$dGrzxas3uA57lqdi6zum1.PsmlzjnXayIwTVso/tkSgSu7V6uMnjq', 'Github', 'Offline', '2023-05-20 13:08:33', '2023-05-20 13:08:33'),
(42, 'Omari Goldner', 'Al.Kuhn@hotmail.com', '$2y$10$2GI59U1yc5kR5nNRAevW8OyC7mVq2T8L7VO8rIfDjind.daEO20Gy', 'Facebook', 'Offline', '2023-05-20 13:08:33', '2023-05-20 13:08:33'),
(43, 'Erika Marquardt', 'Cole.Moore@hotmail.com', '$2y$10$lrzT9bL3TV80zEwQjeHvIOWGOosmCZOe7xBLXPC.KEl4//Pjpghqu', 'Google', 'Offline', '2023-05-20 13:08:33', '2023-05-20 13:08:33'),
(44, 'Aylin Becker', 'Warren.Bogisich@gmail.com', '$2y$10$AHABN.fdYg5p08Y8Mt4DiOth/1NW6/ia11VvNCZEXcDrjhZAGk74S', 'Facebook', 'Offline', '2023-05-20 13:08:33', '2023-05-20 13:08:33'),
(45, 'Jaida Kunze', 'Charles.Rolfson@hotmail.com', '$2y$10$z8pwQkrBBSwPjGsydtoXy.mjn3WBVEyijCZCXiPtA.m4Rp2yPkdM.', 'Credentials', 'Offline', '2023-05-20 13:08:33', '2023-05-20 13:08:33'),
(46, 'Zaria OConner', 'Faustino_Bogan14@gmail.com', '$2y$10$1EIFcEDfJinHxdMOlpq8LejH9dUj/UtDLsUES92IpQP5YyLb4pOB.', 'Google', 'Offline', '2023-05-20 13:08:33', '2023-05-20 13:08:33'),
(47, 'Jeramie Rau', 'Idella73@gmail.com', '$2y$10$b/y1m.AKynSHRUix/yPz5uNpgkR/z0lvOvAw7jg5hUcPE/g//IST.', 'Facebook', 'Offline', '2023-05-20 13:08:34', '2023-05-20 13:08:34'),
(48, 'Vladimir Lowe', 'Leonie_Blick30@gmail.com', '$2y$10$35j0tbF609fFFGy9JWskAeJnibDssTp7wVqiCIut5J0qA0PrAbI8e', 'Google', 'Offline', '2023-05-20 13:08:34', '2023-05-20 13:08:34'),
(49, 'Annabelle MacGyver', 'Diana.Morar41@hotmail.com', '$2y$10$zzbcZZCfykk.PSOvts4yUeePzuBbYEfrmWsPPdN7oCpzYMoP/7kW2', 'Google', 'Offline', '2023-05-20 13:08:34', '2023-05-20 13:08:34'),
(50, 'Ethan Yost', 'Kaya85@yahoo.com', '$2y$10$Ws84R29rPl0g4BWmWPeJTuyQVoHWZy4iogXxKbIYdXlyR5Tw3hAT6', 'Google', 'Offline', '2023-05-20 13:08:34', '2023-05-20 13:08:34'),
(51, 'Kadin Bauch', 'Roscoe_OConner53@gmail.com', '$2y$10$L1kU94cUWMRETREYetwnnO5ktbGDC4qhurQdS0X3sNIjquVEf8FAm', 'Credentials', 'Offline', '2023-05-20 13:08:34', '2023-05-20 13:08:34'),
(52, 'Leilani OConner', 'Sarina68@hotmail.com', '$2y$10$nMEgCfZTGY7/0p7F37La..4X/zVbtKLPfzV0GQH1gLTansg16QDwu', 'Google', 'Offline', '2023-05-20 13:08:34', '2023-05-20 13:08:34'),
(53, 'Cassandre Price', 'Chesley68@hotmail.com', '$2y$10$rMjFU5vB2WsaD0HOT1T4uOKVDYDyO8CpL1Tu4vBL0iI00nUJ7CZdS', 'Github', 'Offline', '2023-05-20 13:08:34', '2023-05-20 13:08:34'),
(54, 'Kane Koelpin', 'Jalon.Bernhard@gmail.com', '$2y$10$W8KKNZyYeVOr/uMCGdxR.eKDqVUhBN2MYURBXYZ40TbS/NOvNIEuG', 'Facebook', 'Offline', '2023-05-20 13:08:34', '2023-05-20 13:08:34'),
(55, 'Garry Smitham', 'Aaron87@gmail.com', '$2y$10$vSTCnL7gnd.6xUKiWMntp.14F3Ts4Uah5Oj3APy7QgswRayZFE7R2', 'Google', 'Offline', '2023-05-20 13:08:34', '2023-05-20 13:08:34'),
(56, 'Pasquale Rogahn', 'Theo.Effertz@yahoo.com', '$2y$10$dP8CV615pai7WtUv3uJIVO/evBSrE6FFbvCIeDyXKKWioPryXlwly', 'Facebook', 'Offline', '2023-05-20 13:08:34', '2023-05-20 13:08:34'),
(57, 'Hillard Klocko', 'Rocio_Huels30@yahoo.com', '$2y$10$IxfopWbuLsBO76NnDScep.lYa5Pw36uOJmInOZV.KsOzStj1qTbge', 'Github', 'Offline', '2023-05-20 13:08:34', '2023-05-20 13:08:34'),
(58, 'Perry Bosco', 'Roxanne71@yahoo.com', '$2y$10$cQSq6ePOMXC/8ywopAbIQOuXqVQlfNG127rEPx4kITMgkZG16So3C', 'Google', 'Offline', '2023-05-20 13:08:35', '2023-05-20 13:08:35'),
(59, 'Stephen Bartell', 'Jaylan_Morar@hotmail.com', '$2y$10$74cnzWRAqmxpl2QZcSh5JeicTMsTYoa65n8Trr3rjTpRsodZxv7rC', 'Credentials', 'Offline', '2023-05-20 13:08:35', '2023-05-20 13:08:35'),
(60, 'Stuart Zemlak', 'Agustin86@yahoo.com', '$2y$10$Wwy2eM5l6r.CCTZDToRCSeadIO4BFaKaGzvSut4JcR220ljzjVq8G', 'Google', 'Offline', '2023-05-20 13:08:35', '2023-05-20 13:08:35'),
(61, 'Carlotta Skiles', 'Arely64@hotmail.com', '$2y$10$6vohJRSyBKERxhuxDcb9oO0obDVLs2GOmCnvkEGHGAjYMo1oiaPwO', 'Google', 'Offline', '2023-05-20 13:08:35', '2023-05-20 13:08:35'),
(62, 'Velma Pouros', 'Gloria.Little88@yahoo.com', '$2y$10$X8j6rHtjjC6J1hGMuDoACOd5QzdIkZDc7c6yY2wNsBQj9onCU47w2', 'Credentials', 'Offline', '2023-05-20 13:08:35', '2023-05-20 13:08:35'),
(63, 'Bennett Donnelly', 'Julius70@gmail.com', '$2y$10$OC8YhHTPkm3KJu4LLM2ksuypf8T8tvZOn0QbjPfbHoCUh17QFOlNW', 'Google', 'Offline', '2023-05-20 13:08:35', '2023-05-20 13:08:35'),
(64, 'Glenda Heathcote', 'Rickie.Rippin@yahoo.com', '$2y$10$xrafOwNNU5yyIHkqfpsoP.Dtc7QeQKrM9ZYVquYKl7IQtqgboPrgC', 'Facebook', 'Offline', '2023-05-20 13:08:35', '2023-05-20 13:08:35'),
(65, 'Dovie Heathcote', 'Trent.Abbott@yahoo.com', '$2y$10$T8SRBFOL.mbax4qJUZphHeL1KfKxgLiIDYSZqz8chGxbSqzdZwITe', 'Google', 'Offline', '2023-05-20 13:08:35', '2023-05-20 13:08:35'),
(66, 'Camila Lehner', 'Santa26@hotmail.com', '$2y$10$dHPNttaRwoWGqlIzdhf/V.O8vbc6d1tn4m7OgJ30vdIWRJlga8DtK', 'Google', 'Offline', '2023-05-20 13:08:35', '2023-05-20 13:08:35'),
(67, 'Duncan Kerluke', 'Annie_Hintz@yahoo.com', '$2y$10$ZRoUgqZ9krNKsxoWG8aKmeTr6ucF8hR5canlEbpLvRFeLJp417Qva', 'Facebook', 'Offline', '2023-05-20 13:08:35', '2023-05-20 13:08:35'),
(68, 'Mossie Lockman', 'Antonietta69@gmail.com', '$2y$10$b./ERbCsTzJTjLfr0BfJJOwsP1CzFMNEh0WwskXY0QwDNzktcHFX.', 'Github', 'Offline', '2023-05-20 13:08:35', '2023-05-20 13:08:35'),
(69, 'Rene Grant', 'Keenan57@gmail.com', '$2y$10$L0hfivjr8LZ1VyylI.YG/.0zK9VM5mOfHEExXu/i26lfMhNcjR9Ii', 'Facebook', 'Offline', '2023-05-20 13:08:35', '2023-05-20 13:08:35'),
(70, 'Junius Littel', 'Susie37@yahoo.com', '$2y$10$9It6fQYVb92slwbDyez3HO0M6Pnrbz7yLRKYJaYHS1T0.x47R3/oW', 'Facebook', 'Offline', '2023-05-20 13:08:35', '2023-05-20 13:08:35'),
(71, 'Delphine Kuvalis', 'Kari.Feest@yahoo.com', '$2y$10$QSHx8og84A1l7YNJfvPPF./enEII5F2o8xXZ1fqLq3dWNzeekSgyq', 'Credentials', 'Offline', '2023-05-20 13:08:36', '2023-05-20 13:08:36'),
(72, 'Lorenzo Lehner', 'Jovanny38@hotmail.com', '$2y$10$QKNG0bKDQ3jFDdekgXErIe5GZwapl.iZ0zf5J176N.vGjfkUlPhMO', 'Google', 'Offline', '2023-05-20 13:08:36', '2023-05-20 13:08:36'),
(73, 'Shana Reilly', 'Clinton.Brekke38@hotmail.com', '$2y$10$okZ93R0iE5vCN1/cxe7MOOhB/WlnFZuuGHLg4NfJavwl.mtDgEnnm', 'Credentials', 'Offline', '2023-05-20 13:08:36', '2023-05-20 13:08:36'),
(74, 'Kristy Kuhic', 'Jacquelyn.Stamm27@hotmail.com', '$2y$10$Z3p9GPzk3s9Acu9l/3KWiOT9TOk3EpL6xU3Z3kRd2hgY755APWNz6', 'Facebook', 'Offline', '2023-05-20 13:08:36', '2023-05-20 13:08:36'),
(75, 'Ova Abernathy', 'Susana_Jenkins@hotmail.com', '$2y$10$N0.y4W4nQS62tnIsfzUObeo5ehko.KH10Q3hTqErFuCNRLeC/I4V6', 'Facebook', 'Offline', '2023-05-20 13:08:36', '2023-05-20 13:08:36'),
(76, 'Pete Beahan', 'Lawson.Douglas72@hotmail.com', '$2y$10$ZeY0GBZUBY0mSSQ7e2L3b.cblQEjCW/JtRrHhgcRtISz3rGbNqimy', 'Google', 'Offline', '2023-05-20 13:08:36', '2023-05-20 13:08:36'),
(77, 'Daryl Champlin', 'Mohammed71@hotmail.com', '$2y$10$oWOGL50KAMEBLwip4lmqPuMLAUBr0SXYTfZfR6o.GncYQnYJjF4gC', 'Github', 'Offline', '2023-05-20 13:08:36', '2023-05-20 13:08:36'),
(78, 'Reanna Runolfsdottir', 'Maurine94@hotmail.com', '$2y$10$NnguglpRa/0Q/eRBg9c9k.KoHiL/hOhfriYJHXFHVCzlHIOqTJOTC', 'Credentials', 'Offline', '2023-05-20 13:08:36', '2023-05-20 13:08:36'),
(79, 'Syble Ankunding', 'Wilber.Douglas@yahoo.com', '$2y$10$sYxyZ8lLBT5dHpWoVtC0XePRMEC23ES8dw0Eil3xylRcn2PvOCYXC', 'Facebook', 'Offline', '2023-05-20 13:08:36', '2023-05-20 13:08:36'),
(80, 'June Fisher', 'Elenora.Johnston@hotmail.com', '$2y$10$9cCOKv1VOHt7JUUwBbTO7OSuZozC2bGwgzTFam8UFxLkgNgbsHW0m', 'Github', 'Offline', '2023-05-20 13:08:36', '2023-05-20 13:08:36'),
(81, 'Elda Larkin', 'Dakota_Friesen@yahoo.com', '$2y$10$swHZvbkpWRGSlk30Pdy80uw0B0uj.qpX4ZtHr7ZEp5zIkPCeEp11.', 'Credentials', 'Offline', '2023-05-20 13:08:36', '2023-05-20 13:08:36'),
(82, 'Savannah Flatley', 'Fidel_Kerluke87@hotmail.com', '$2y$10$CL8nauxW/RaaUf5XM.Ab3eXnaTYonaoFj2dFs3TrsJ1rwsyEO1O0m', 'Facebook', 'Offline', '2023-05-20 13:08:36', '2023-05-20 13:08:36'),
(83, 'Warren Harris', 'Mohammad_Donnelly@gmail.com', '$2y$10$ABCNgFGTKeDx2XnzGn.hcep8iBWRdudcL0GLSP1faxvRL0F7GJOSm', 'Facebook', 'Offline', '2023-05-20 13:08:36', '2023-05-20 13:08:36'),
(84, 'Orpha Kreiger', 'Giles.Schmitt11@gmail.com', '$2y$10$47zpACKZdIPdFQBzsBmLgOC3LOiymVq1eqb9NU5IhLjZ4QOmd4I.K', 'Facebook', 'Offline', '2023-05-20 13:08:37', '2023-05-20 13:08:37'),
(85, 'Aida Haag', 'Lily68@yahoo.com', '$2y$10$71UXmgmW5k39tqSg7AaR8.ySevBcUBI0jIw1GQ4VXh8iyBGKfFO4e', 'Google', 'Offline', '2023-05-20 13:08:37', '2023-05-20 13:08:37'),
(86, 'Fleta McCullough', 'Dorothea.Nader92@gmail.com', '$2y$10$nDVBpRG8XNRpnxRd36ia3.mVcFwwOcrT3MYG8Y8q564X.O6AKCC9a', 'Github', 'Offline', '2023-05-20 13:08:37', '2023-05-20 13:08:37'),
(87, 'Bo Harber', 'Brett.Pacocha@hotmail.com', '$2y$10$MejzcWGbk8YrbBEAn2N3Qec7I0UZUFAzyH4fWB6KuqtHcGO4psAGi', 'Github', 'Offline', '2023-05-20 13:08:37', '2023-05-20 13:08:37'),
(88, 'Pierce Dietrich', 'Delilah70@gmail.com', '$2y$10$v1TOvHNgBKhppYIZWao4n.JhZ2cR54PMEtagEcVZA0fcUMRjNReeS', 'Credentials', 'Offline', '2023-05-20 13:08:37', '2023-05-20 13:08:37'),
(89, 'Elsa Kling', 'Preston_Ankunding31@gmail.com', '$2y$10$43ReV8RMU.P3hBxFSnxlbOX547hl1jotGiC2HLnPZ1zmegcXKBMKu', 'Google', 'Offline', '2023-05-20 13:08:37', '2023-05-20 13:08:37'),
(90, 'Lavinia Schmidt', 'Lourdes57@yahoo.com', '$2y$10$vgVz9hRF89YMKbM5w0L6y.XvtMpoL7a3lcmrimKJ5nOf8nGSOnEo6', 'Github', 'Offline', '2023-05-20 13:08:37', '2023-05-20 13:08:37'),
(91, 'Camila Nikolaus', 'Darian30@gmail.com', '$2y$10$UIoJafbYjrog/4aOkqiYFubSEJv4hdofkbWod4GTglJ4wtg9O/1Ue', 'Facebook', 'Offline', '2023-05-20 13:08:37', '2023-05-20 13:08:37'),
(92, 'Casandra Larson', 'Dawn.Block@hotmail.com', '$2y$10$VcNPk3rVYW3Yr6vVlaIJBujz3izqlF3QKUWib5sBs1G1OSMTKe3MK', 'Google', 'Offline', '2023-05-20 13:08:37', '2023-05-20 13:08:37'),
(93, 'Jodie Gutmann', 'Marvin.Moore@gmail.com', '$2y$10$5FF6zE6jGX.kin5eet.k7OkFDlzrR9N7lWcHL/4InaxsbpjmDP5RK', 'Credentials', 'Offline', '2023-05-20 13:08:37', '2023-05-20 13:08:37'),
(94, 'Hermina Kiehn', 'Edythe_Farrell91@hotmail.com', '$2y$10$8J7DOiLt9tnrTzzXVbVXPuDKenpGz3YLCWwTuX5bEHy3aITSOMPYu', 'Facebook', 'Offline', '2023-05-20 13:08:37', '2023-05-20 13:08:37'),
(95, 'Clemmie Ratke', 'Dean.Wiegand15@yahoo.com', '$2y$10$JdSiIlHdsJ9XJW4a7xenyeyJ2iUnE.ec9FAd43HVsGi5oOqyxMHDO', 'Facebook', 'Offline', '2023-05-20 13:08:37', '2023-05-20 13:08:37'),
(96, 'Misael Considine', 'Brionna22@yahoo.com', '$2y$10$aTPHokh9hWqXH0L1ewbtpuR68Q8tKqTA/MaZ2NASeUfA1HMZX2CVe', 'Github', 'Offline', '2023-05-20 13:08:37', '2023-05-20 13:08:37'),
(97, 'Dora Dicki', 'Porter.Hilpert@gmail.com', '$2y$10$XTGcJnDC1h0aroGHZxg1bOKuTjDH/XxQYoQrcxoTKFg8rqEUdGzom', 'Credentials', 'Offline', '2023-05-20 13:08:38', '2023-05-20 13:08:38'),
(98, 'Missouri Grady', 'Yvonne_Durgan@yahoo.com', '$2y$10$XNzRF07dQqSoNzoWhIcEKuScXOIRKkXj7TrGowaoACv86Bj7qIvOC', 'Github', 'Offline', '2023-05-20 13:08:38', '2023-05-20 13:08:38'),
(99, 'Edythe Cruickshank', 'Furman_Cronin74@gmail.com', '$2y$10$9RDjKOZYOyNdB6c44ljOj.UF95PfxtItwtl.EhagM4xDGCZGAh4Eq', 'Github', 'Offline', '2023-05-20 13:08:38', '2023-05-20 13:08:38'),
(100, 'Minnie Crona', 'Jack_Greenfelder@gmail.com', '$2y$10$yYtyNTc.o9I5L/tnsrAtKuMX08nl4bDWCUTYRPv9LYBhRJl6Y.A6S', 'Credentials', 'Offline', '2023-05-20 13:08:38', '2023-05-20 13:08:38');

-- --------------------------------------------------------

--
-- Table structure for table `user_informations`
--

CREATE TABLE `user_informations` (
  `id` int(11) NOT NULL,
  `firstname` varchar(255) NOT NULL,
  `lastname` varchar(255) NOT NULL,
  `email` varchar(255) NOT NULL,
  `address_line_1` varchar(255) DEFAULT NULL,
  `address_line_2` varchar(255) DEFAULT NULL,
  `city` varchar(255) DEFAULT NULL,
  `contact` varchar(255) DEFAULT NULL,
  `user_id` int(11) NOT NULL,
  `created_at` timestamp NOT NULL DEFAULT current_timestamp(),
  `updated_at` timestamp NOT NULL DEFAULT current_timestamp() ON UPDATE current_timestamp()
) ENGINE=InnoDB DEFAULT CHARSET=utf8mb4 COLLATE=utf8mb4_general_ci;

--
-- Dumping data for table `user_informations`
--

INSERT INTO `user_informations` (`id`, `firstname`, `lastname`, `email`, `address_line_1`, `address_line_2`, `city`, `contact`, `user_id`, `created_at`, `updated_at`) VALUES
(1, 'George', 'Wehner', 'Zella.Nienow77@hotmail.com', NULL, NULL, NULL, NULL, 1, '2023-05-20 13:08:30', '2023-05-20 13:08:30'),
(2, 'May', 'Beier', 'Assunta24@gmail.com', NULL, NULL, NULL, NULL, 2, '2023-05-20 13:08:30', '2023-05-20 13:08:30'),
(3, 'Michale', 'Schoen', 'Jason.Stiedemann@gmail.com', NULL, NULL, NULL, NULL, 3, '2023-05-20 13:08:30', '2023-05-20 13:08:30'),
(4, 'Quinten', 'Kunde', 'Annie44@yahoo.com', NULL, NULL, NULL, NULL, 4, '2023-05-20 13:08:30', '2023-05-20 13:08:30'),
(5, 'Josefa', 'Paucek', 'Palma78@gmail.com', NULL, NULL, NULL, NULL, 5, '2023-05-20 13:08:30', '2023-05-20 13:08:30'),
(6, 'Tressie', 'Yost', 'Nelda_Lemke@gmail.com', NULL, NULL, NULL, NULL, 6, '2023-05-20 13:08:30', '2023-05-20 13:08:30'),
(7, 'Rollin', 'Hahn', 'Everette_Johns51@hotmail.com', NULL, NULL, NULL, NULL, 7, '2023-05-20 13:08:30', '2023-05-20 13:08:30'),
(8, 'Emily', 'Macejkovic', 'Alisa_Greenfelder@yahoo.com', NULL, NULL, NULL, NULL, 8, '2023-05-20 13:08:30', '2023-05-20 13:08:30'),
(9, 'Payton', 'Schmeler', 'Omari.Altenwerth97@gmail.com', NULL, NULL, NULL, NULL, 9, '2023-05-20 13:08:31', '2023-05-20 13:08:31'),
(10, 'Herman', 'Konopelski', 'Madisyn.Kris20@hotmail.com', NULL, NULL, NULL, NULL, 10, '2023-05-20 13:08:31', '2023-05-20 13:08:31'),
(11, 'Ardith', 'Bahringer', 'Ransom_Dach12@gmail.com', NULL, NULL, NULL, NULL, 11, '2023-05-20 13:08:31', '2023-05-20 13:08:31'),
(12, 'Devyn', 'Nikolaus', 'Tristin67@hotmail.com', NULL, NULL, NULL, NULL, 12, '2023-05-20 13:08:31', '2023-05-20 13:08:31'),
(13, 'Easter', 'OConner', 'Aniyah71@gmail.com', NULL, NULL, NULL, NULL, 13, '2023-05-20 13:08:31', '2023-05-20 13:08:31'),
(14, 'Leonard', 'Bauch', 'Celine.Veum67@gmail.com', NULL, NULL, NULL, NULL, 14, '2023-05-20 13:08:31', '2023-05-20 13:08:31'),
(15, 'Ethelyn', 'Feest', 'Alana_Doyle@gmail.com', NULL, NULL, NULL, NULL, 15, '2023-05-20 13:08:31', '2023-05-20 13:08:31'),
(16, 'Kristopher', 'Larkin', 'Marisa.Buckridge51@yahoo.com', NULL, NULL, NULL, NULL, 16, '2023-05-20 13:08:31', '2023-05-20 13:08:31'),
(17, 'Cora', 'Langworth', 'Hobart_Cassin76@hotmail.com', NULL, NULL, NULL, NULL, 17, '2023-05-20 13:08:31', '2023-05-20 13:08:31'),
(18, 'Callie', 'Ruecker', 'Brett42@hotmail.com', NULL, NULL, NULL, NULL, 18, '2023-05-20 13:08:31', '2023-05-20 13:08:31'),
(19, 'Gregg', 'Jacobs', 'Herminio_Quigley@yahoo.com', NULL, NULL, NULL, NULL, 19, '2023-05-20 13:08:31', '2023-05-20 13:08:31'),
(20, 'Brandy', 'Gorczany', 'Eileen_Herzog31@hotmail.com', NULL, NULL, NULL, NULL, 20, '2023-05-20 13:08:31', '2023-05-20 13:08:31'),
(21, 'Lilliana', 'Casper', 'Alverta_Cruickshank65@gmail.com', NULL, NULL, NULL, NULL, 21, '2023-05-20 13:08:32', '2023-05-20 13:08:32'),
(22, 'Beulah', 'Schowalter', 'Kasandra51@yahoo.com', NULL, NULL, NULL, NULL, 22, '2023-05-20 13:08:32', '2023-05-20 13:08:32'),
(23, 'Trey', 'Abernathy', 'Cale.Upton@hotmail.com', NULL, NULL, NULL, NULL, 23, '2023-05-20 13:08:32', '2023-05-20 13:08:32'),
(24, 'Katlynn', 'Collier', 'Audrey_Mraz@yahoo.com', NULL, NULL, NULL, NULL, 24, '2023-05-20 13:08:32', '2023-05-20 13:08:32'),
(25, 'Lydia', 'Boyer', 'Billy_Reichel98@yahoo.com', NULL, NULL, NULL, NULL, 25, '2023-05-20 13:08:32', '2023-05-20 13:08:32'),
(26, 'Duncan', 'Langosh', 'Paxton.Trantow98@yahoo.com', NULL, NULL, NULL, NULL, 26, '2023-05-20 13:08:32', '2023-05-20 13:08:32'),
(27, 'Domenick', 'Dare', 'Wilhelmine28@hotmail.com', NULL, NULL, NULL, NULL, 27, '2023-05-20 13:08:32', '2023-05-20 13:08:32'),
(28, 'Letha', 'Konopelski', 'Giles_Ferry@gmail.com', NULL, NULL, NULL, NULL, 28, '2023-05-20 13:08:32', '2023-05-20 13:08:32'),
(29, 'Desiree', 'Waelchi', 'Savannah15@hotmail.com', NULL, NULL, NULL, NULL, 29, '2023-05-20 13:08:32', '2023-05-20 13:08:32'),
(30, 'Elza', 'Kunde', 'Paula_Bogisich81@hotmail.com', NULL, NULL, NULL, NULL, 30, '2023-05-20 13:08:32', '2023-05-20 13:08:32'),
(31, 'Anissa', 'Gorczany', 'Jovanny.Ebert@gmail.com', NULL, NULL, NULL, NULL, 31, '2023-05-20 13:08:32', '2023-05-20 13:08:32'),
(32, 'Buster', 'Glover', 'Michale38@gmail.com', NULL, NULL, NULL, NULL, 32, '2023-05-20 13:08:32', '2023-05-20 13:08:32'),
(33, 'Stewart', 'Runte', 'Consuelo.Leuschke@hotmail.com', NULL, NULL, NULL, NULL, 33, '2023-05-20 13:08:32', '2023-05-20 13:08:32'),
(34, 'Emmet', 'Bailey', 'Hunter.Littel@gmail.com', NULL, NULL, NULL, NULL, 34, '2023-05-20 13:08:33', '2023-05-20 13:08:33'),
(35, 'Elisha', 'Emmerich', 'Justice_Fisher54@hotmail.com', NULL, NULL, NULL, NULL, 35, '2023-05-20 13:08:33', '2023-05-20 13:08:33'),
(36, 'Magnus', 'Turner', 'Amari20@yahoo.com', NULL, NULL, NULL, NULL, 36, '2023-05-20 13:08:33', '2023-05-20 13:08:33'),
(37, 'Brown', 'Kertzmann', 'Elnora80@hotmail.com', NULL, NULL, NULL, NULL, 37, '2023-05-20 13:08:33', '2023-05-20 13:08:33'),
(38, 'Vella', 'Rath', 'Madilyn_Swift@yahoo.com', NULL, NULL, NULL, NULL, 38, '2023-05-20 13:08:33', '2023-05-20 13:08:33'),
(39, 'Samantha', 'Farrell', 'Lucie12@yahoo.com', NULL, NULL, NULL, NULL, 39, '2023-05-20 13:08:33', '2023-05-20 13:08:33'),
(40, 'Adell', 'Brown', 'Marley_Stoltenberg@hotmail.com', NULL, NULL, NULL, NULL, 40, '2023-05-20 13:08:33', '2023-05-20 13:08:33'),
(41, 'Gussie', 'McGlynn', 'Catherine_Larson42@gmail.com', NULL, NULL, NULL, NULL, 41, '2023-05-20 13:08:33', '2023-05-20 13:08:33'),
(42, 'Omari', 'Goldner', 'Al.Kuhn@hotmail.com', NULL, NULL, NULL, NULL, 42, '2023-05-20 13:08:33', '2023-05-20 13:08:33'),
(43, 'Erika', 'Marquardt', 'Cole.Moore@hotmail.com', NULL, NULL, NULL, NULL, 43, '2023-05-20 13:08:33', '2023-05-20 13:08:33'),
(44, 'Aylin', 'Becker', 'Warren.Bogisich@gmail.com', NULL, NULL, NULL, NULL, 44, '2023-05-20 13:08:33', '2023-05-20 13:08:33'),
(45, 'Jaida', 'Kunze', 'Charles.Rolfson@hotmail.com', NULL, NULL, NULL, NULL, 45, '2023-05-20 13:08:33', '2023-05-20 13:08:33'),
(46, 'Zaria', 'OConner', 'Faustino_Bogan14@gmail.com', NULL, NULL, NULL, NULL, 46, '2023-05-20 13:08:33', '2023-05-20 13:08:33'),
(47, 'Jeramie', 'Rau', 'Idella73@gmail.com', NULL, NULL, NULL, NULL, 47, '2023-05-20 13:08:34', '2023-05-20 13:08:34'),
(48, 'Vladimir', 'Lowe', 'Leonie_Blick30@gmail.com', NULL, NULL, NULL, NULL, 48, '2023-05-20 13:08:34', '2023-05-20 13:08:34'),
(49, 'Annabelle', 'MacGyver', 'Diana.Morar41@hotmail.com', NULL, NULL, NULL, NULL, 49, '2023-05-20 13:08:34', '2023-05-20 13:08:34'),
(50, 'Ethan', 'Yost', 'Kaya85@yahoo.com', NULL, NULL, NULL, NULL, 50, '2023-05-20 13:08:34', '2023-05-20 13:08:34'),
(51, 'Kadin', 'Bauch', 'Roscoe_OConner53@gmail.com', NULL, NULL, NULL, NULL, 51, '2023-05-20 13:08:34', '2023-05-20 13:08:34'),
(52, 'Leilani', 'OConner', 'Sarina68@hotmail.com', NULL, NULL, NULL, NULL, 52, '2023-05-20 13:08:34', '2023-05-20 13:08:34'),
(53, 'Cassandre', 'Price', 'Chesley68@hotmail.com', NULL, NULL, NULL, NULL, 53, '2023-05-20 13:08:34', '2023-05-20 13:08:34'),
(54, 'Kane', 'Koelpin', 'Jalon.Bernhard@gmail.com', NULL, NULL, NULL, NULL, 54, '2023-05-20 13:08:34', '2023-05-20 13:08:34'),
(55, 'Garry', 'Smitham', 'Aaron87@gmail.com', NULL, NULL, NULL, NULL, 55, '2023-05-20 13:08:34', '2023-05-20 13:08:34'),
(56, 'Pasquale', 'Rogahn', 'Theo.Effertz@yahoo.com', NULL, NULL, NULL, NULL, 56, '2023-05-20 13:08:34', '2023-05-20 13:08:34'),
(57, 'Hillard', 'Klocko', 'Rocio_Huels30@yahoo.com', NULL, NULL, NULL, NULL, 57, '2023-05-20 13:08:34', '2023-05-20 13:08:34'),
(58, 'Perry', 'Bosco', 'Roxanne71@yahoo.com', NULL, NULL, NULL, NULL, 58, '2023-05-20 13:08:35', '2023-05-20 13:08:35'),
(59, 'Stephen', 'Bartell', 'Jaylan_Morar@hotmail.com', NULL, NULL, NULL, NULL, 59, '2023-05-20 13:08:35', '2023-05-20 13:08:35'),
(60, 'Stuart', 'Zemlak', 'Agustin86@yahoo.com', NULL, NULL, NULL, NULL, 60, '2023-05-20 13:08:35', '2023-05-20 13:08:35'),
(61, 'Carlotta', 'Skiles', 'Arely64@hotmail.com', NULL, NULL, NULL, NULL, 61, '2023-05-20 13:08:35', '2023-05-20 13:08:35'),
(62, 'Velma', 'Pouros', 'Gloria.Little88@yahoo.com', NULL, NULL, NULL, NULL, 62, '2023-05-20 13:08:35', '2023-05-20 13:08:35'),
(63, 'Bennett', 'Donnelly', 'Julius70@gmail.com', NULL, NULL, NULL, NULL, 63, '2023-05-20 13:08:35', '2023-05-20 13:08:35'),
(64, 'Glenda', 'Heathcote', 'Rickie.Rippin@yahoo.com', NULL, NULL, NULL, NULL, 64, '2023-05-20 13:08:35', '2023-05-20 13:08:35'),
(65, 'Dovie', 'Heathcote', 'Trent.Abbott@yahoo.com', NULL, NULL, NULL, NULL, 65, '2023-05-20 13:08:35', '2023-05-20 13:08:35'),
(66, 'Camila', 'Lehner', 'Santa26@hotmail.com', NULL, NULL, NULL, NULL, 66, '2023-05-20 13:08:35', '2023-05-20 13:08:35'),
(67, 'Duncan', 'Kerluke', 'Annie_Hintz@yahoo.com', NULL, NULL, NULL, NULL, 67, '2023-05-20 13:08:35', '2023-05-20 13:08:35'),
(68, 'Mossie', 'Lockman', 'Antonietta69@gmail.com', NULL, NULL, NULL, NULL, 68, '2023-05-20 13:08:35', '2023-05-20 13:08:35'),
(69, 'Rene', 'Grant', 'Keenan57@gmail.com', NULL, NULL, NULL, NULL, 69, '2023-05-20 13:08:35', '2023-05-20 13:08:35'),
(70, 'Junius', 'Littel', 'Susie37@yahoo.com', NULL, NULL, NULL, NULL, 70, '2023-05-20 13:08:35', '2023-05-20 13:08:35'),
(71, 'Delphine', 'Kuvalis', 'Kari.Feest@yahoo.com', NULL, NULL, NULL, NULL, 71, '2023-05-20 13:08:36', '2023-05-20 13:08:36'),
(72, 'Lorenzo', 'Lehner', 'Jovanny38@hotmail.com', NULL, NULL, NULL, NULL, 72, '2023-05-20 13:08:36', '2023-05-20 13:08:36'),
(73, 'Shana', 'Reilly', 'Clinton.Brekke38@hotmail.com', NULL, NULL, NULL, NULL, 73, '2023-05-20 13:08:36', '2023-05-20 13:08:36'),
(74, 'Kristy', 'Kuhic', 'Jacquelyn.Stamm27@hotmail.com', NULL, NULL, NULL, NULL, 74, '2023-05-20 13:08:36', '2023-05-20 13:08:36'),
(75, 'Ova', 'Abernathy', 'Susana_Jenkins@hotmail.com', NULL, NULL, NULL, NULL, 75, '2023-05-20 13:08:36', '2023-05-20 13:08:36'),
(76, 'Pete', 'Beahan', 'Lawson.Douglas72@hotmail.com', NULL, NULL, NULL, NULL, 76, '2023-05-20 13:08:36', '2023-05-20 13:08:36'),
(77, 'Daryl', 'Champlin', 'Mohammed71@hotmail.com', NULL, NULL, NULL, NULL, 77, '2023-05-20 13:08:36', '2023-05-20 13:08:36'),
(78, 'Reanna', 'Runolfsdottir', 'Maurine94@hotmail.com', NULL, NULL, NULL, NULL, 78, '2023-05-20 13:08:36', '2023-05-20 13:08:36'),
(79, 'Syble', 'Ankunding', 'Wilber.Douglas@yahoo.com', NULL, NULL, NULL, NULL, 79, '2023-05-20 13:08:36', '2023-05-20 13:08:36'),
(80, 'June', 'Fisher', 'Elenora.Johnston@hotmail.com', NULL, NULL, NULL, NULL, 80, '2023-05-20 13:08:36', '2023-05-20 13:08:36'),
(81, 'Elda', 'Larkin', 'Dakota_Friesen@yahoo.com', NULL, NULL, NULL, NULL, 81, '2023-05-20 13:08:36', '2023-05-20 13:08:36'),
(82, 'Savannah', 'Flatley', 'Fidel_Kerluke87@hotmail.com', NULL, NULL, NULL, NULL, 82, '2023-05-20 13:08:36', '2023-05-20 13:08:36'),
(83, 'Warren', 'Harris', 'Mohammad_Donnelly@gmail.com', NULL, NULL, NULL, NULL, 83, '2023-05-20 13:08:36', '2023-05-20 13:08:36'),
(84, 'Orpha', 'Kreiger', 'Giles.Schmitt11@gmail.com', NULL, NULL, NULL, NULL, 84, '2023-05-20 13:08:37', '2023-05-20 13:08:37'),
(85, 'Aida', 'Haag', 'Lily68@yahoo.com', NULL, NULL, NULL, NULL, 85, '2023-05-20 13:08:37', '2023-05-20 13:08:37'),
(86, 'Fleta', 'McCullough', 'Dorothea.Nader92@gmail.com', NULL, NULL, NULL, NULL, 86, '2023-05-20 13:08:37', '2023-05-20 13:08:37'),
(87, 'Bo', 'Harber', 'Brett.Pacocha@hotmail.com', NULL, NULL, NULL, NULL, 87, '2023-05-20 13:08:37', '2023-05-20 13:08:37'),
(88, 'Pierce', 'Dietrich', 'Delilah70@gmail.com', NULL, NULL, NULL, NULL, 88, '2023-05-20 13:08:37', '2023-05-20 13:08:37'),
(89, 'Elsa', 'Kling', 'Preston_Ankunding31@gmail.com', NULL, NULL, NULL, NULL, 89, '2023-05-20 13:08:37', '2023-05-20 13:08:37'),
(90, 'Lavinia', 'Schmidt', 'Lourdes57@yahoo.com', NULL, NULL, NULL, NULL, 90, '2023-05-20 13:08:37', '2023-05-20 13:08:37'),
(91, 'Camila', 'Nikolaus', 'Darian30@gmail.com', NULL, NULL, NULL, NULL, 91, '2023-05-20 13:08:37', '2023-05-20 13:08:37'),
(92, 'Casandra', 'Larson', 'Dawn.Block@hotmail.com', NULL, NULL, NULL, NULL, 92, '2023-05-20 13:08:37', '2023-05-20 13:08:37'),
(93, 'Jodie', 'Gutmann', 'Marvin.Moore@gmail.com', NULL, NULL, NULL, NULL, 93, '2023-05-20 13:08:37', '2023-05-20 13:08:37'),
(94, 'Hermina', 'Kiehn', 'Edythe_Farrell91@hotmail.com', NULL, NULL, NULL, NULL, 94, '2023-05-20 13:08:37', '2023-05-20 13:08:37'),
(95, 'Clemmie', 'Ratke', 'Dean.Wiegand15@yahoo.com', NULL, NULL, NULL, NULL, 95, '2023-05-20 13:08:37', '2023-05-20 13:08:37'),
(96, 'Misael', 'Considine', 'Brionna22@yahoo.com', NULL, NULL, NULL, NULL, 96, '2023-05-20 13:08:37', '2023-05-20 13:08:37'),
(97, 'Dora', 'Dicki', 'Porter.Hilpert@gmail.com', NULL, NULL, NULL, NULL, 97, '2023-05-20 13:08:38', '2023-05-20 13:08:38'),
(98, 'Missouri', 'Grady', 'Yvonne_Durgan@yahoo.com', NULL, NULL, NULL, NULL, 98, '2023-05-20 13:08:38', '2023-05-20 13:08:38'),
(99, 'Edythe', 'Cruickshank', 'Furman_Cronin74@gmail.com', NULL, NULL, NULL, NULL, 99, '2023-05-20 13:08:38', '2023-05-20 13:08:38'),
(100, 'Minnie', 'Crona', 'Jack_Greenfelder@gmail.com', NULL, NULL, NULL, NULL, 100, '2023-05-20 13:08:38', '2023-05-20 13:08:38');

--
-- Indexes for dumped tables
--

--
-- Indexes for table `admins`
--
ALTER TABLE `admins`
  ADD PRIMARY KEY (`id`);

--
-- Indexes for table `cart_items`
--
ALTER TABLE `cart_items`
  ADD PRIMARY KEY (`id`),
  ADD KEY `cart_items_fk0` (`user_id`),
  ADD KEY `cart_items_fk1` (`product_id`);

--
-- Indexes for table `contact_messages`
--
ALTER TABLE `contact_messages`
  ADD PRIMARY KEY (`id`);

--
-- Indexes for table `favorites`
--
ALTER TABLE `favorites`
  ADD PRIMARY KEY (`id`),
  ADD KEY `favorites_fk0` (`product_id`),
  ADD KEY `favorites_fk1` (`user_id`);

--
-- Indexes for table `orders`
--
ALTER TABLE `orders`
  ADD PRIMARY KEY (`id`),
  ADD KEY `orders_fk0` (`user_id`);

--
-- Indexes for table `order_details`
--
ALTER TABLE `order_details`
  ADD PRIMARY KEY (`id`),
  ADD KEY `order_details_fk0` (`order_id`);

--
-- Indexes for table `order_items`
--
ALTER TABLE `order_items`
  ADD PRIMARY KEY (`id`),
  ADD KEY `order_items_fk0` (`order_id`),
  ADD KEY `order_items_fk1` (`product_id`);

--
-- Indexes for table `products`
--
ALTER TABLE `products`
  ADD PRIMARY KEY (`id`);

--
-- Indexes for table `settings`
--
ALTER TABLE `settings`
  ADD PRIMARY KEY (`id`);

--
-- Indexes for table `transactions`
--
ALTER TABLE `transactions`
  ADD PRIMARY KEY (`id`),
  ADD KEY `transactions_fk0` (`admin_id`);

--
-- Indexes for table `transaction_items`
--
ALTER TABLE `transaction_items`
  ADD PRIMARY KEY (`id`),
  ADD KEY `transaction_items_fk0` (`transaction_id`),
  ADD KEY `transaction_items_fk1` (`product_id`);

--
-- Indexes for table `users`
--
ALTER TABLE `users`
  ADD PRIMARY KEY (`id`);

--
-- Indexes for table `user_informations`
--
ALTER TABLE `user_informations`
  ADD PRIMARY KEY (`id`),
  ADD KEY `user_informations_fk0` (`user_id`);

--
-- AUTO_INCREMENT for dumped tables
--

--
-- AUTO_INCREMENT for table `admins`
--
ALTER TABLE `admins`
  MODIFY `id` int(11) NOT NULL AUTO_INCREMENT, AUTO_INCREMENT=101;

--
-- AUTO_INCREMENT for table `cart_items`
--
ALTER TABLE `cart_items`
  MODIFY `id` int(11) NOT NULL AUTO_INCREMENT, AUTO_INCREMENT=301;

--
-- AUTO_INCREMENT for table `contact_messages`
--
ALTER TABLE `contact_messages`
  MODIFY `id` int(11) NOT NULL AUTO_INCREMENT, AUTO_INCREMENT=101;

--
-- AUTO_INCREMENT for table `favorites`
--
ALTER TABLE `favorites`
  MODIFY `id` int(11) NOT NULL AUTO_INCREMENT, AUTO_INCREMENT=301;

--
-- AUTO_INCREMENT for table `orders`
--
ALTER TABLE `orders`
  MODIFY `id` int(11) NOT NULL AUTO_INCREMENT, AUTO_INCREMENT=101;

--
-- AUTO_INCREMENT for table `order_details`
--
ALTER TABLE `order_details`
  MODIFY `id` int(11) NOT NULL AUTO_INCREMENT, AUTO_INCREMENT=105;

--
-- AUTO_INCREMENT for table `order_items`
--
ALTER TABLE `order_items`
  MODIFY `id` int(11) NOT NULL AUTO_INCREMENT, AUTO_INCREMENT=501;

--
-- AUTO_INCREMENT for table `products`
--
ALTER TABLE `products`
  MODIFY `id` int(11) NOT NULL AUTO_INCREMENT, AUTO_INCREMENT=101;

--
-- AUTO_INCREMENT for table `settings`
--
ALTER TABLE `settings`
  MODIFY `id` int(11) NOT NULL AUTO_INCREMENT, AUTO_INCREMENT=2;

--
-- AUTO_INCREMENT for table `transactions`
--
ALTER TABLE `transactions`
  MODIFY `id` int(11) NOT NULL AUTO_INCREMENT, AUTO_INCREMENT=101;

--
-- AUTO_INCREMENT for table `transaction_items`
--
ALTER TABLE `transaction_items`
  MODIFY `id` int(11) NOT NULL AUTO_INCREMENT, AUTO_INCREMENT=501;

--
-- AUTO_INCREMENT for table `users`
--
ALTER TABLE `users`
  MODIFY `id` int(11) NOT NULL AUTO_INCREMENT, AUTO_INCREMENT=101;

--
-- AUTO_INCREMENT for table `user_informations`
--
ALTER TABLE `user_informations`
  MODIFY `id` int(11) NOT NULL AUTO_INCREMENT, AUTO_INCREMENT=101;

--
-- Constraints for dumped tables
--

--
-- Constraints for table `cart_items`
--
ALTER TABLE `cart_items`
  ADD CONSTRAINT `cart_items_fk0` FOREIGN KEY (`user_id`) REFERENCES `users` (`id`) ON DELETE CASCADE,
  ADD CONSTRAINT `cart_items_fk1` FOREIGN KEY (`product_id`) REFERENCES `products` (`id`) ON DELETE CASCADE;

--
-- Constraints for table `favorites`
--
ALTER TABLE `favorites`
  ADD CONSTRAINT `favorites_fk0` FOREIGN KEY (`product_id`) REFERENCES `products` (`id`) ON DELETE CASCADE,
  ADD CONSTRAINT `favorites_fk1` FOREIGN KEY (`user_id`) REFERENCES `users` (`id`) ON DELETE CASCADE;

--
-- Constraints for table `orders`
--
ALTER TABLE `orders`
  ADD CONSTRAINT `orders_fk0` FOREIGN KEY (`user_id`) REFERENCES `users` (`id`);

--
-- Constraints for table `order_details`
--
ALTER TABLE `order_details`
  ADD CONSTRAINT `order_details_fk0` FOREIGN KEY (`order_id`) REFERENCES `orders` (`id`);

--
-- Constraints for table `order_items`
--
ALTER TABLE `order_items`
  ADD CONSTRAINT `order_items_fk0` FOREIGN KEY (`order_id`) REFERENCES `orders` (`id`),
  ADD CONSTRAINT `order_items_fk1` FOREIGN KEY (`product_id`) REFERENCES `products` (`id`);

--
-- Constraints for table `transactions`
--
ALTER TABLE `transactions`
  ADD CONSTRAINT `transactions_fk0` FOREIGN KEY (`admin_id`) REFERENCES `admins` (`id`) ON DELETE SET NULL;

--
-- Constraints for table `transaction_items`
--
ALTER TABLE `transaction_items`
  ADD CONSTRAINT `transaction_items_fk0` FOREIGN KEY (`transaction_id`) REFERENCES `transactions` (`id`),
  ADD CONSTRAINT `transaction_items_fk1` FOREIGN KEY (`product_id`) REFERENCES `products` (`id`);

--
-- Constraints for table `user_informations`
--
ALTER TABLE `user_informations`
  ADD CONSTRAINT `user_informations_fk0` FOREIGN KEY (`user_id`) REFERENCES `users` (`id`) ON DELETE CASCADE;
COMMIT;

/*!40101 SET CHARACTER_SET_CLIENT=@OLD_CHARACTER_SET_CLIENT */;
/*!40101 SET CHARACTER_SET_RESULTS=@OLD_CHARACTER_SET_RESULTS */;
/*!40101 SET COLLATION_CONNECTION=@OLD_COLLATION_CONNECTION */;
